date,bitcoin,Ethereum,Avalanche,AVAX,BTC,buy Avalanche,How to buy Cryptocurrency,buy bitcoin,buy Ethereum,ETH,Cryptocurrency fraud,crypto bubble,sell bitcoin,sell Ethereum,bearish,bullish,crypto crash,crypto to buy now
2020-09-19,9,5,25,2,12,0.0,0,12,3,14,0,0,9,0,21,29,0.0,0.0
2020-09-20,9,5,24,5,11,0.0,4,11,3,13,0,0,13,0,29,26,0.0,0.0
2020-09-21,10,6,23,7,14,0.0,2,10,3,16,0,0,11,0,51,40,0.0,0.0
2020-09-22,10,5,24,25,13,0.0,0,10,3,14,0,0,11,0,53,36,0.0,0.0
2020-09-23,9,5,22,10,12,0.0,2,12,3,15,0,0,12,0,49,42,0.0,0.0
2020-09-24,10,5,23,5,12,0.0,2,10,3,15,0,0,12,0,56,40,0.0,0.0
2020-09-25,9,5,22,5,12,0.0,0,11,2,13,0,0,13,0,42,37,0.0,0.0
2020-09-26,9,5,23,4,11,0.0,4,12,3,11,0,0,9,0,24,25,0.0,0.0
2020-09-27,8,4,24,4,10,0.0,0,9,3,12,0,0,13,0,30,27,0.0,0.0
2020-09-28,9,4,22,4,12,0.0,2,10,2,13,0,0,7,0,43,34,0.0,0.0
2020-09-29,10,5,21,2,12,0.0,0,9,3,13,0,0,10,0,44,38,0.0,0.0
2020-09-30,9,4,21,4,11,0.0,2,10,2,12,0,0,12,0,39,35,0.0,0.0
2020-10-01,9,4,21,3,11,0.0,0,11,3,12,0,0,14,10,40,39,0.0,0.0
2020-10-02,9,4,22,3,13,0.0,3,11,0,13,0,0,11,0,41,35,0.0,0.0
2020-10-03,8,4,22,2,11,0.0,0,11,3,10,0,0,11,0,25,21,0.0,0.0
2020-10-04,8,4,21,2,10,0.0,0,9,3,11,0,0,7,0,33,28,0.0,0.0
2020-10-05,9,4,22,2,11,0.0,2,11,3,12,0,0,11,0,37,37,0.0,0.0
2020-10-06,9,4,23,2,11,0.0,0,10,2,12,0,0,13,0,49,43,0.0,0.0
2020-10-07,9,4,25,2,11,0.0,0,11,3,11,0,0,14,0,46,42,0.0,0.0
2020-10-08,9,4,25,2,11,0.0,2,12,3,12,0,0,12,0,44,43,0.0,0.0
2020-10-09,10,4,23,2,12,0.0,0,11,2,11,0,0,13,11,37,37,0.0,0.0
2020-10-10,10,4,28,2,16,0.0,0,12,3,11,0,0,12,0,21,27,0.0,0.0
2020-10-11,9,4,26,1,12,0.0,0,11,3,10,0,0,8,0,31,29,0.0,0.0
2020-10-12,11,5,26,3,13,0.0,0,10,4,13,0,0,11,14,47,40,0.0,0.0
2020-10-13,10,4,22,0,13,0.0,0,10,3,11,0,0,13,0,39,40,0.0,0.0
2020-10-14,10,4,22,2,13,0.0,2,10,3,11,0,0,14,0,44,40,0.0,0.0
2020-10-15,10,4,21,2,12,0.0,0,12,0,11,0,0,11,0,44,37,0.0,0.0
2020-10-16,10,4,23,2,12,0.0,0,11,2,11,0,0,10,0,45,40,0.0,0.0
2020-10-17,9,3,23,2,11,0.0,3,13,4,9,0,0,11,0,32,22,0.0,0.0
2020-10-18,9,4,23,3,10,0.0,0,12,0,10,0,0,11,0,40,29,0.0,0.0
2020-10-19,10,4,21,3,13,0.0,0,11,2,10,0,0,11,0,37,35,0.0,0.0
2020-10-20,12,4,22,2,15,0.0,0,11,3,12,0,0,8,0,43,40,0.0,0.0
2020-10-21,17,5,22,2,23,0.0,0,16,0,13,0,0,13,0,43,43,0.0,0.0
2020-10-22,18,7,22,2,23,0.0,2,18,5,15,0,0,19,0,42,39,0.0,0.0
2020-10-23,15,6,21,2,19,0.0,3,16,3,13,0,0,13,0,37,35,0.0,0.0
2020-10-24,13,5,22,2,14,0.0,0,13,4,11,0,0,14,0,29,22,0.0,0.0
2020-10-25,13,5,22,2,15,0.0,3,13,2,11,0,0,15,0,25,22,0.0,0.0
2020-10-26,14,5,22,3,18,0.0,0,13,3,13,0,0,12,0,39,38,0.0,0.0
2020-10-27,16,5,22,3,22,0.0,3,15,2,14,0,0,21,0,41,42,0.0,0.0
2020-10-28,17,5,19,2,22,0.0,0,15,3,12,0,0,16,0,48,35,0.0,0.0
2020-10-29,14,5,22,2,18,0.0,0,13,2,12,0,0,14,0,36,41,0.0,0.0
2020-10-30,14,4,20,1,17,0.0,3,12,3,11,0,0,14,0,39,38,0.0,0.0
2020-10-31,14,5,22,2,19,0.0,0,14,2,10,0,0,13,0,26,29,0.0,0.0
2020-11-01,13,5,18,2,16,0.0,4,13,3,11,0,0,12,0,25,24,0.0,0.0
2020-11-02,14,5,21,2,18,0.0,0,14,3,12,0,0,11,0,43,40,0.0,0.0
2020-11-03,13,4,20,1,18,0.0,0,12,3,11,0,0,13,0,38,40,0.0,0.0
2020-11-04,12,4,16,1,17,0.0,4,10,2,11,0,0,11,0,38,57,0.0,0.0
2020-11-05,20,6,18,0,25,0.0,0,14,3,14,0,0,20,0,38,44,0.0,0.0
2020-11-06,21,7,18,2,27,0.0,0,15,4,16,0,0,21,0,28,37,0.0,0.0
2020-11-07,17,8,19,2,22,0.0,0,15,6,15,0,0,16,0,23,25,0.0,0.0
2020-11-08,14,7,20,2,21,0.0,2,13,3,13,0,0,14,0,24,24,0.0,0.0
2020-11-09,16,6,21,2,21,0.0,3,14,3,13,0,0,14,0,47,42,0.0,0.0
2020-11-10,14,6,21,2,18,0.0,3,13,2,13,0,0,13,0,48,44,0.0,0.0
2020-11-11,16,8,21,3,19,0.0,0,13,2,15,0,0,14,0,37,42,0.0,0.0
2020-11-12,17,8,21,2,21,0.0,0,15,5,14,0,0,16,0,50,34,0.0,0.0
2020-11-13,19,7,22,2,24,0.0,0,17,6,15,0,0,20,0,38,42,0.0,0.0
2020-11-14,15,6,26,3,19,0.0,0,16,4,13,0,0,18,0,23,26,0.0,0.0
2020-11-15,14,6,27,2,16,0.0,4,13,5,12,0,0,14,0,23,28,0.0,0.0
2020-11-16,18,6,31,2,23,0.0,0,17,4,14,0,0,18,0,43,42,0.0,0.0
2020-11-17,25,9,31,2,30,0.0,5,24,7,17,0,0,23,0,48,48,0.0,0.0
2020-11-18,30,8,30,2,37,0.0,5,26,5,18,0,0,29,0,44,52,0.0,0.0
2020-11-19,23,7,31,2,28,0.0,4,19,5,16,0,0,26,0,42,46,0.0,0.0
2020-11-20,25,10,30,2,30,0.0,6,21,8,19,0,0,22,0,36,48,0.0,0.0
2020-11-21,24,11,32,3,31,0.0,7,23,6,21,0,0,26,0,30,30,0.0,0.0
2020-11-22,21,11,34,2,26,0.0,7,22,8,23,0,0,19,0,36,40,0.0,0.0
2020-11-23,22,16,27,3,26,0.0,6,20,10,29,0,0,20,11,45,46,0.0,0.0
2020-11-24,31,19,27,3,35,0.0,12,39,15,28,0,0,40,12,45,50,2.0,6.0
2020-11-25,28,18,26,2,29,0.0,6,25,17,22,0,0,32,16,43,45,0.0,0.0
2020-11-26,32,12,25,2,38,0.0,4,25,8,22,0,0,34,10,46,48,7.0,0.0
2020-11-27,23,9,26,3,28,0.0,3,18,5,16,0,0,20,0,39,38,0.0,0.0
2020-11-28,20,9,28,1,25,0.0,7,17,5,16,0,0,23,0,30,37,0.0,0.0
2020-11-29,19,8,28,2,23,0.0,5,17,5,15,0,0,19,0,23,30,0.0,0.0
2020-11-30,26,10,25,3,32,0.0,4,21,7,21,0,0,27,0,44,37,0.0,0.0
2020-12-01,27,14,25,2,33,0.0,6,24,10,23,0,0,28,0,49,49,0.0,0.0
2020-12-02,22,9,25,2,25,0.0,5,19,7,18,0,0,20,15,50,48,0.0,0.0
2020-12-03,20,9,26,1,24,0.0,4,19,6,18,0,0,22,0,50,50,0.0,0.0
2020-12-04,20,9,27,2,23,0.0,5,21,8,16,0,0,19,0,51,46,0.0,0.0
2020-12-05,18,8,28,0,21,0.0,7,18,8,14,0,0,18,13,27,33,2.0,0.0
2020-12-06,17,7,28,0,20,0.0,4,18,5,14,0,0,19,0,30,29,0.0,0.0
2020-12-07,19,8,25,2,21,0.0,6,17,7,16,0,0,15,0,46,46,0.0,0.0
2020-12-08,18,8,24,3,21,0.0,5,17,5,15,0,0,17,0,42,51,0.0,0.0
2020-12-09,19,8,23,2,23,0.0,5,17,5,16,0,0,18,0,58,49,1.0,0.0
2020-12-10,17,7,24,2,20,0.0,4,14,5,13,0,0,14,0,56,51,0.0,0.0
2020-12-11,17,7,25,2,20,71.0,4,17,4,14,0,0,12,0,53,53,0.0,0.0
2020-12-12,15,6,29,3,26,0.0,4,17,5,12,0,0,19,0,28,34,0.0,0.0
2020-12-13,16,8,27,2,23,0.0,6,17,5,13,0,0,17,12,31,29,0.0,0.0
2020-12-14,16,7,25,1,20,0.0,3,16,5,14,0,0,12,0,39,46,0.0,0.0
2020-12-15,17,7,25,3,21,0.0,4,16,4,14,0,0,14,0,38,45,0.0,0.0
2020-12-16,31,9,26,2,37,0.0,6,27,6,19,0,0,30,0,44,49,0.0,0.0
2020-12-17,51,17,26,3,59,0.0,8,47,11,25,0,0,53,22,40,51,2.0,0.0
2020-12-18,35,11,27,2,38,0.0,6,33,10,20,0,0,34,12,48,44,0.0,0.0
2020-12-19,31,11,29,1,36,0.0,8,29,7,17,0,0,31,0,26,31,0.0,0.0
2020-12-20,30,10,30,2,32,0.0,4,28,8,16,0,0,25,0,37,37,0.0,0.0
2020-12-21,32,10,28,3,33,0.0,7,27,7,18,0,0,25,0,47,44,0.0,6.0
2020-12-22,27,9,29,2,30,0.0,6,26,7,16,0,0,28,0,50,46,0.0,6.0
2020-12-23,26,9,29,7,29,0.0,4,22,5,15,0,0,21,0,42,48,0.0,0.0
2020-12-24,23,10,27,3,27,0.0,6,21,7,17,0,0,19,0,32,43,2.0,6.0
2020-12-25,27,10,28,3,32,0.0,6,20,8,16,0,0,27,0,33,27,0.0,0.0
2020-12-26,36,12,35,2,44,100.0,5,29,9,19,0,0,39,0,24,29,0.0,0.0
2020-12-27,48,19,40,3,58,94.0,9,40,12,25,0,0,51,18,23,24,2.0,0.0
2020-12-28,39,21,35,4,44,0.0,9,33,14,25,0,0,39,15,47,44,2.0,0.0
2020-12-29,35,17,34,3,35,90.0,8,30,12,23,0,0,35,11,45,49,0.0,8.0
2020-12-30,38,18,34,3,41,0.0,9,37,13,24,0,0,37,0,50,50,0.0,0.0
2020-12-31,40,18,32,3,41,0.0,6,36,14,22,0,0,41,13,43,49,2.0,0.0
2021-01-01,39,17,36,8,40,0.0,10,33,13,22,0,0,38,13,32,31,0.0,0.0
2021-01-02,65,25,35,6,69,0.0,17,67,22,32,0,0,82,18,33,37,2.0,0.0
2021-01-03,79,46,35,5,75,0.0,19,76,40,54,0,0,89,40,34,43,4.0,7.0
2021-01-04,67,55,30,4,63,0.0,14,57,40,67,0,0,70,46,42,59,3.0,13.0
2021-01-05,54,43,32,5,51,0.0,17,51,30,45,0,0,57,45,53,62,2.0,6.0
2021-01-06,58,45,31,6,62,0.0,17,59,32,49,0,15,64,40,54,69,4.0,11.0
2021-01-07,87,55,31,6,87,0.0,17,80,42,57,0,17,100,41,60,70,4.0,9.0
2021-01-08,88,52,31,7,83,0.0,19,88,40,51,0,0,97,37,65,73,5.0,7.0
2021-01-09,70,43,40,23,63,0.0,23,71,34,41,0,0,76,30,33,44,3.0,12.0
2021-01-10,68,51,40,13,66,0.0,21,62,42,54,0,0,78,38,46,51,3.0,8.0
2021-01-11,100,52,32,8,100,0.0,15,59,28,51,0,0,96,36,59,71,14.0,6.0
2021-01-12,73,38,33,12,69,0.0,12,51,20,35,0,0,56,16,70,75,3.0,0.0
2021-01-13,64,32,43,9,56,0.0,11,46,18,31,0,0,52,19,77,72,2.0,7.0
2021-01-14,66,33,75,15,60,0.0,12,50,19,33,0,0,67,14,64,69,2.0,9.0
2021-01-15,58,29,42,13,57,0.0,10,43,21,33,0,0,57,33,60,57,2.0,6.0
2021-01-16,49,29,82,28,47,0.0,15,43,18,34,0,0,45,14,35,42,2.0,7.0
2021-01-17,47,26,50,25,43,0.0,15,39,17,29,0,0,38,0,37,41,3.0,8.0
2021-01-18,42,24,47,19,42,0.0,10,31,15,30,0,0,29,14,50,48,0.0,8.0
2021-01-19,40,46,43,17,40,0.0,14,33,24,54,0,0,39,40,60,57,0.0,9.0
2021-01-20,38,35,57,15,39,0.0,9,28,21,37,0,0,35,17,44,61,2.0,0.0
2021-01-21,50,34,37,11,48,0.0,9,32,18,33,0,0,42,12,62,61,4.0,0.0
2021-01-22,52,32,56,13,53,0.0,8,32,16,32,0,0,42,22,61,63,4.0,0.0
2021-01-23,37,26,59,12,37,0.0,9,28,14,29,0,0,26,17,44,41,0.0,0.0
2021-01-24,34,29,42,9,34,0.0,10,26,16,34,0,0,22,14,46,52,2.0,6.0
2021-01-25,36,34,47,11,39,0.0,6,24,19,41,0,0,29,27,69,67,1.0,0.0
2021-01-26,35,30,37,7,33,0.0,9,26,15,31,0,0,23,12,68,69,0.0,0.0
2021-01-27,38,28,52,8,37,0.0,7,27,15,31,0,0,34,22,80,76,3.0,8.0
2021-01-28,37,28,43,9,39,0.0,28,38,23,29,0,0,50,25,80,79,0.0,13.0
2021-01-29,62,34,61,9,65,0.0,100,84,39,37,0,0,87,21,86,79,4.0,37.0
2021-01-30,41,29,51,9,41,0.0,38,49,27,32,0,0,47,25,67,57,0.0,22.0
2021-01-31,35,26,72,16,37,0.0,31,42,24,30,0,0,47,18,58,57,3.0,18.0
2021-02-01,36,24,61,10,37,0.0,25,36,20,28,0,0,42,19,84,81,2.0,12.0
2021-02-02,34,37,43,7,35,0.0,14,32,21,41,0,0,36,27,88,86,2.0,12.0
2021-02-03,36,52,54,10,37,0.0,17,31,34,56,0,0,39,33,78,85,3.0,16.0
2021-02-04,37,49,47,13,38,0.0,26,38,34,58,0,0,49,37,87,96,3.0,16.0
2021-02-05,33,43,48,14,33,0.0,20,31,29,49,0,0,37,29,77,88,3.0,17.0
2021-02-06,41,44,46,15,45,0.0,21,38,32,47,0,0,48,35,54,58,4.0,29.0
2021-02-07,37,42,100,34,37,0.0,34,38,30,45,0,0,45,39,46,56,5.0,17.0
2021-02-08,81,47,74,60,68,0.0,41,80,35,55,0,0,70,34,83,85,4.0,16.0
2021-02-09,96,52,62,34,77,0.0,37,100,42,56,0,22,93,39,81,84,5.0,23.0
2021-02-10,64,46,52,100,56,68.0,31,64,34,45,0,0,54,34,79,87,6.0,27.0
2021-02-11,54,38,47,85,53,0.0,31,59,28,40,0,0,54,23,79,89,7.0,18.0
2021-02-12,53,39,45,53,51,0.0,25,56,29,39,0,25,52,31,71,95,7.0,21.0
2021-02-13,47,38,48,50,45,0.0,25,51,26,40,0,0,44,32,52,61,6.0,25.0
2021-02-14,53,38,58,60,50,0.0,22,48,27,39,0,29,44,24,42,55,5.0,23.0
2021-02-15,52,37,56,54,49,0.0,19,44,23,38,0,18,48,34,62,66,15.0,17.0
2021-02-16,57,35,42,42,56,0.0,20,50,24,39,0,0,47,21,84,72,5.0,16.0
2021-02-17,67,38,65,44,61,0.0,20,59,22,41,0,0,65,20,73,75,4.0,7.0
2021-02-18,60,45,41,44,55,0.0,22,55,32,49,100,0,52,29,72,75,5.0,16.0
2021-02-19,64,47,40,36,62,0.0,21,60,33,51,0,29,58,35,58,64,5.0,18.0
2021-02-20,73,53,81,36,69,0.0,30,73,40,61,0,19,76,34,56,62,8.0,19.0
2021-02-21,66,46,88,34,61,0.0,25,64,35,50,0,21,57,23,49,55,7.0,18.0
2021-02-22,79,49,44,33,72,0.0,19,53,27,58,0,15,62,30,85,76,21.0,19.0
2021-02-23,93,56,54,31,86,0.0,17,52,28,62,0,39,72,40,100,82,45.0,14.0
2021-02-24,71,41,34,25,67,0.0,11,40,20,46,0,0,48,20,79,77,7.0,8.0
2021-02-25,57,34,47,23,51,0.0,13,36,21,36,0,0,39,14,73,71,4.0,11.0
2021-02-26,57,36,40,20,56,0.0,12,34,16,36,0,0,36,22,65,75,8.0,6.0
2021-02-27,46,31,57,22,46,0.0,14,31,16,33,0,0,34,20,58,54,4.0,9.0
2021-02-28,51,36,49,23,51,0.0,12,32,20,42,0,0,36,33,74,60,11.0,6.0
2021-03-01,49,32,35,22,52,0.0,11,30,16,35,0,0,29,18,70,82,3.0,6.0
2021-03-02,47,28,44,26,44,0.0,10,28,15,33,0,0,31,15,73,77,0.0,8.0
2021-03-03,44,29,30,25,46,0.0,12,28,16,31,0,18,29,0,69,81,2.0,7.0
2021-03-04,40,24,42,21,40,0.0,9,27,14,29,0,20,28,15,67,69,3.0,7.0
2021-03-05,40,23,34,20,40,0.0,6,23,9,28,0,0,28,15,71,67,3.0,7.0
2021-03-06,36,24,51,20,35,0.0,8,22,13,30,0,0,23,18,44,47,2.0,7.0
2021-03-07,37,29,46,24,39,0.0,14,24,14,34,0,0,30,19,41,49,3.0,0.0
2021-03-08,40,31,32,24,39,0.0,11,25,14,34,0,15,27,17,71,69,2.0,8.0
2021-03-09,48,34,43,49,51,0.0,11,29,17,36,0,0,32,24,71,73,2.0,14.0
2021-03-10,43,29,32,42,50,0.0,10,27,17,32,0,0,34,21,58,63,2.0,10.0
2021-03-11,40,28,44,33,44,0.0,8,27,17,30,0,0,28,18,48,62,3.0,13.0
2021-03-12,43,27,33,28,44,0.0,10,26,17,29,0,0,27,17,66,61,3.0,8.0
2021-03-13,55,35,48,31,60,90.0,13,36,23,38,0,17,47,20,56,60,3.0,10.0
2021-03-14,53,33,47,27,53,0.0,15,43,24,37,0,23,46,31,40,56,3.0,15.0
2021-03-15,46,28,34,24,50,0.0,10,30,14,31,0,0,36,18,61,54,2.0,9.0
2021-03-16,43,27,33,26,45,0.0,12,31,17,31,0,0,34,14,70,65,2.0,11.0
2021-03-17,42,23,47,27,40,0.0,10,29,19,31,0,0,32,10,57,68,3.0,9.0
2021-03-18,42,24,35,29,43,0.0,12,30,14,30,0,0,32,17,64,69,3.0,9.0
2021-03-19,37,23,54,30,38,0.0,12,27,16,29,0,0,30,14,60,61,2.0,10.0
2021-03-20,36,26,57,27,35,0.0,13,27,17,29,0,0,29,14,40,46,3.0,9.0
2021-03-21,35,23,44,23,36,0.0,11,24,15,29,0,0,21,12,43,47,3.0,12.0
2021-03-22,37,23,36,24,38,0.0,12,26,15,29,0,0,26,20,55,58,5.0,10.0
2021-03-23,37,23,52,20,40,0.0,11,24,16,28,0,0,30,21,59,56,5.0,8.0
2021-03-24,41,23,58,22,43,0.0,12,32,16,29,0,0,29,12,62,66,4.0,11.0
2021-03-25,41,24,41,21,48,0.0,14,28,12,29,0,0,25,0,71,66,7.0,13.0
2021-03-26,37,20,50,21,39,0.0,9,25,12,28,0,0,23,18,48,55,0.0,6.0
2021-03-27,35,21,54,17,36,0.0,12,24,14,29,0,0,24,0,35,40,2.0,9.0
2021-03-28,32,20,40,23,33,0.0,12,25,16,25,0,0,24,14,37,42,2.0,8.0
2021-03-29,37,26,34,23,37,0.0,13,25,14,29,0,0,28,14,49,53,0.0,14.0
2021-03-30,38,25,47,23,43,0.0,9,25,16,30,0,0,26,17,58,59,2.0,12.0
2021-03-31,37,25,34,26,40,0.0,11,26,17,31,0,0,24,16,67,66,3.0,17.0
2021-04-01,42,29,55,21,39,0.0,11,26,20,34,0,24,33,22,45,55,3.0,12.0
2021-04-02,39,43,38,21,38,0.0,16,28,30,45,0,0,29,26,41,52,2.0,14.0
2021-04-03,35,42,57,26,38,0.0,15,25,30,43,0,18,29,23,39,39,4.0,12.0
2021-04-04,33,33,55,19,38,0.0,17,23,20,35,0,0,27,21,37,42,4.0,13.0
2021-04-05,36,34,37,26,37,0.0,19,28,22,35,0,28,22,25,52,66,3.0,15.0
2021-04-06,35,33,49,23,37,0.0,19,26,23,30,0,29,30,22,58,65,5.0,20.0
2021-04-07,33,29,33,17,36,66.0,14,24,21,30,0,16,24,14,63,61,6.0,17.0
2021-04-08,34,27,50,15,35,0.0,15,27,19,29,0,0,29,16,54,60,3.0,13.0
2021-04-09,32,25,35,30,33,0.0,15,25,16,31,0,0,23,13,50,50,4.0,14.0
2021-04-10,35,29,52,27,41,0.0,17,29,23,32,0,24,26,22,38,47,5.0,13.0
2021-04-11,34,29,46,23,36,0.0,18,29,17,32,0,20,30,15,41,52,5.0,21.0
2021-04-12,36,29,44,25,37,0.0,18,26,18,35,0,20,26,24,65,65,5.0,20.0
2021-04-13,47,37,45,22,50,0.0,19,36,27,40,0,24,43,28,62,62,6.0,23.0
2021-04-14,52,44,37,31,52,0.0,32,47,32,46,0,51,43,30,54,63,10.0,32.0
2021-04-15,46,47,47,32,42,0.0,33,39,35,51,0,0,33,29,64,67,9.0,31.0
2021-04-16,47,48,42,27,45,0.0,71,55,45,42,0,100,60,38,66,70,17.0,82.0
2021-04-17,40,39,40,22,39,0.0,58,47,38,40,0,82,44,26,49,57,12.0,76.0
2021-04-18,71,44,33,30,72,0.0,52,48,35,45,0,71,55,33,62,59,95.0,51.0
2021-04-19,56,38,29,24,56,0.0,49,43,32,37,0,39,41,31,75,66,22.0,53.0
2021-04-20,51,35,28,19,51,0.0,53,45,34,40,0,32,47,22,71,64,26.0,48.0
2021-04-21,41,34,29,18,44,0.0,38,34,27,40,0,37,34,25,61,60,11.0,45.0
2021-04-22,47,44,34,12,46,0.0,29,31,26,51,0,22,42,37,74,66,18.0,39.0
2021-04-23,74,45,44,17,76,0.0,30,41,30,44,0,23,51,32,94,74,100.0,32.0
2021-04-24,51,33,55,13,54,0.0,25,31,19,34,0,30,36,17,56,56,12.0,28.0
2021-04-25,44,31,36,14,49,0.0,23,30,20,37,0,0,29,26,58,48,12.0,23.0
2021-04-26,47,35,33,16,53,0.0,22,29,20,39,0,15,37,26,69,64,6.0,25.0
2021-04-27,46,38,38,15,45,0.0,25,30,24,40,0,15,38,27,57,60,5.0,26.0
2021-04-28,41,44,32,14,41,0.0,24,30,31,46,0,22,32,26,69,65,5.0,28.0
2021-04-29,36,41,41,15,40,0.0,21,29,30,42,0,31,33,30,62,64,7.0,31.0
2021-04-30,36,40,31,24,38,0.0,26,27,29,38,0,17,33,21,59,69,5.0,30.0
2021-05-01,35,50,48,28,38,0.0,28,30,36,47,0,0,28,35,33,50,8.0,31.0
2021-05-02,33,50,44,20,33,0.0,33,30,37,45,0,38,27,26,34,47,6.0,32.0
2021-05-03,37,93,37,32,38,0.0,38,31,73,89,0,37,31,71,54,74,11.0,39.0
2021-05-04,40,95,46,23,41,0.0,56,38,81,85,0,70,43,86,70,71,18.0,63.0
2021-05-05,39,85,33,19,39,0.0,73,43,81,69,0,83,41,76,68,83,14.0,88.0
2021-05-06,37,86,43,28,37,0.0,70,40,73,68,0,71,42,65,72,81,15.0,80.0
2021-05-07,33,69,30,33,34,0.0,59,39,58,58,0,55,44,57,67,76,13.0,68.0
2021-05-08,35,79,56,24,38,0.0,77,43,74,75,0,52,47,74,47,59,15.0,95.0
2021-05-09,37,87,54,20,35,0.0,79,42,83,81,0,63,39,80,61,64,14.0,100.0
2021-05-10,39,99,36,27,39,0.0,69,41,100,100,0,62,41,100,76,77,33.0,87.0
2021-05-11,36,81,55,20,35,0.0,63,37,67,82,0,48,38,61,83,97,25.0,79.0
2021-05-12,35,83,35,34,38,0.0,60,39,61,87,0,53,41,55,74,100,19.0,73.0
2021-05-13,91,100,61,21,77,0.0,57,51,59,89,0,44,74,84,78,88,84.0,63.0
2021-05-14,57,72,71,22,48,0.0,47,40,43,70,0,41,53,40,66,71,15.0,63.0
2021-05-15,44,62,39,23,43,0.0,44,35,40,60,0,42,50,36,54,66,16.0,55.0
2021-05-16,49,64,37,22,50,0.0,47,36,40,64,0,0,58,49,68,73,26.0,59.0
2021-05-17,70,76,41,16,67,0.0,39,36,36,67,0,36,64,58,85,77,43.0,49.0
2021-05-18,39,50,51,8,40,0.0,76,50,66,38,0,32,41,32,54,44,4.0,43.0
2021-05-19,100,100,24,9,100,0.0,100,100,100,68,0,74,100,86,67,47,100.0,52.0
2021-05-20,72,74,50,8,66,0.0,100,77,74,47,0,44,64,33,56,41,36.0,52.0
2021-05-21,56,59,26,7,59,0.0,65,55,63,38,0,55,49,30,54,42,19.0,37.0
2021-05-22,50,52,50,8,52,0.0,68,53,59,36,0,45,41,27,38,31,19.0,36.0
2021-05-23,59,68,46,10,59,0.0,76,62,75,45,0,73,59,43,49,35,42.0,31.0
2021-05-24,57,66,31,8,56,0.0,67,53,64,38,0,24,40,23,46,46,11.0,32.0
2021-05-25,42,53,21,8,42,0.0,66,47,50,34,0,32,33,32,56,46,5.0,31.0
2021-05-26,37,48,18,6,38,0.0,57,39,52,30,0,24,28,21,47,45,4.0,28.0
2021-05-27,34,42,20,6,33,0.0,56,36,49,27,0,21,27,21,46,45,3.0,20.0
2021-05-28,34,43,19,5,36,0.0,64,37,75,25,0,16,24,25,49,45,6.0,16.0
2021-05-29,35,42,26,5,36,0.0,48,34,66,25,0,0,25,26,46,34,5.0,14.0
2021-05-30,32,40,35,5,33,0.0,45,32,44,24,0,0,22,19,32,32,3.0,18.0
2021-05-31,30,37,73,6,30,39.0,48,30,44,23,0,0,25,14,47,41,2.0,14.0
2021-06-01,30,35,31,6,30,0.0,42,30,36,23,0,0,19,16,48,35,2.0,17.0
2021-06-02,29,34,31,6,30,0.0,41,30,29,23,0,15,25,21,46,38,2.0,18.0
2021-06-03,29,35,82,5,29,0.0,44,32,40,23,0,0,28,25,50,44,1.0,24.0
2021-06-04,32,33,34,4,32,0.0,42,30,30,23,0,0,25,25,43,37,3.0,15.0
2021-06-05,28,30,77,4,29,0.0,53,32,39,21,0,0,27,14,40,30,2.0,15.0
2021-06-06,29,29,37,4,27,0.0,49,32,38,20,0,17,27,18,30,27,2.0,13.0
2021-06-07,29,31,66,6,28,0.0,35,28,34,21,0,0,24,20,53,39,2.0,13.0
2021-06-08,40,36,36,5,41,0.0,36,34,29,23,0,0,33,17,50,41,12.0,11.0
2021-06-09,35,29,86,4,35,0.0,28,35,26,20,0,0,25,15,54,43,2.0,11.0
2021-06-10,30,27,38,5,32,0.0,27,37,26,18,0,0,26,12,48,45,2.0,12.0
2021-06-11,27,25,100,5,26,0.0,31,27,25,18,0,19,22,12,48,40,2.0,10.0
2021-06-12,23,24,23,5,25,0.0,21,27,24,19,0,0,24,0,36,27,3.0,11.0
2021-06-13,25,23,23,5,26,0.0,26,28,24,18,0,0,19,14,37,27,1.0,9.0
2021-06-14,30,26,18,5,35,0.0,28,29,29,18,16,0,24,11,41,38,1.0,13.0
2021-06-15,26,24,16,4,27,0.0,23,29,28,17,0,0,21,0,46,39,1.0,13.0
2021-06-16,24,22,15,4,26,0.0,20,25,25,17,0,0,20,12,43,37,1.0,7.0
2021-06-17,21,21,14,4,23,0.0,22,24,26,17,0,0,13,0,41,33,2.0,11.0
2021-06-18,22,23,13,3,23,0.0,19,24,22,17,0,16,22,0,40,35,4.0,10.0
2021-06-19,19,21,14,3,22,0.0,27,26,23,17,0,0,13,20,28,25,2.0,10.0
2021-06-20,22,23,13,3,25,0.0,24,24,24,18,0,0,19,23,34,23,5.0,10.0
2021-06-21,32,34,13,4,35,0.0,21,29,30,23,0,18,27,21,49,38,15.0,15.0
2021-06-22,41,36,13,4,48,45.0,22,33,31,25,0,18,32,28,48,45,23.0,18.0
2021-06-23,30,27,13,4,31,0.0,21,26,25,19,0,0,19,0,41,34,4.0,13.0
2021-06-24,25,23,13,4,27,0.0,23,25,22,19,0,0,21,13,48,44,2.0,9.0
2021-06-25,26,24,13,4,27,0.0,20,26,23,20,0,0,19,0,45,34,2.0,11.0
2021-06-26,23,25,15,3,25,0.0,20,25,21,21,0,0,19,0,33,24,3.0,10.0
2021-06-27,23,22,14,2,26,0.0,23,24,19,19,0,0,19,0,34,25,2.0,9.0
2021-06-28,25,26,12,3,26,0.0,17,20,19,20,0,0,17,16,41,33,1.0,9.0
2021-06-29,22,26,13,3,25,0.0,18,22,19,21,0,0,20,14,40,36,1.0,7.0
2021-06-30,20,22,13,3,22,0.0,17,23,18,19,0,0,14,0,45,35,2.0,11.0
2021-07-01,19,21,12,3,22,0.0,17,21,20,18,0,0,14,12,42,38,1.0,6.0
2021-07-02,20,19,12,3,20,0.0,15,21,17,18,0,0,17,10,38,31,1.0,15.0
2021-07-03,18,19,13,3,20,0.0,23,21,20,19,0,0,14,0,30,25,1.0,70.0
2021-07-04,20,23,13,4,21,45.0,16,23,22,23,0,0,15,0,24,23,1.0,28.0
2021-07-05,19,22,12,3,21,0.0,16,20,19,19,0,0,17,14,33,29,1.0,7.0
2021-07-06,18,20,13,5,21,0.0,18,21,21,21,0,0,18,14,38,30,1.0,8.0
2021-07-07,16,22,13,3,19,0.0,16,19,18,21,0,0,14,10,38,29,1.0,0.0
2021-07-08,18,21,14,3,21,0.0,19,19,19,20,0,0,12,0,45,31,2.0,5.0
2021-07-09,17,19,12,2,20,0.0,17,21,17,20,0,0,13,0,33,42,1.0,6.0
2021-07-10,16,18,13,3,18,0.0,18,22,16,19,0,0,18,14,28,31,1.0,9.0
2021-07-11,15,16,14,2,16,0.0,13,20,20,17,0,0,11,0,27,22,1.0,6.0
2021-07-12,17,18,12,2,19,0.0,17,20,22,19,0,0,14,11,35,38,2.0,6.0
2021-07-13,17,19,13,3,19,0.0,12,21,18,20,0,0,13,19,34,35,1.0,8.0
2021-07-14,17,21,12,2,19,0.0,14,20,20,21,0,0,15,13,39,34,2.0,0.0
2021-07-15,17,19,13,2,20,0.0,13,19,17,20,0,0,12,0,43,33,1.0,6.0
2021-07-16,17,18,15,3,20,0.0,12,18,15,18,0,0,15,0,39,36,2.0,9.0
2021-07-17,16,17,14,2,19,0.0,13,19,17,16,0,0,11,13,29,24,2.0,0.0
2021-07-18,16,18,16,2,18,0.0,11,19,16,19,0,0,20,0,23,20,1.0,0.0
2021-07-19,19,18,14,3,20,0.0,14,18,15,19,0,0,10,15,37,31,2.0,5.0
2021-07-20,25,23,13,2,29,0.0,13,24,21,19,0,0,22,15,35,35,6.0,8.0
2021-07-21,24,21,14,2,24,0.0,16,21,19,19,22,0,16,0,36,31,1.0,9.0
2021-07-22,21,22,17,3,23,0.0,17,22,17,19,0,0,18,0,42,34,0.0,8.0
2021-07-23,18,20,15,2,20,0.0,14,21,16,20,0,0,16,0,39,33,1.0,9.0
2021-07-24,17,20,17,2,22,0.0,14,20,15,25,0,0,15,15,25,24,1.0,9.0
2021-07-25,18,20,15,3,22,0.0,16,21,18,20,0,0,18,12,25,20,1.0,8.0
2021-07-26,34,30,15,3,42,0.0,16,27,19,26,0,0,26,10,28,33,1.0,12.0
2021-07-27,25,22,16,3,29,0.0,17,23,15,20,0,0,18,0,40,34,1.0,0.0
2021-07-28,22,22,20,3,30,0.0,17,23,16,20,0,31,22,15,37,37,1.0,10.0
2021-07-29,20,20,18,4,24,0.0,17,21,15,20,0,0,16,0,33,32,1.0,8.0
2021-07-30,20,22,15,3,23,0.0,16,20,19,20,0,0,16,20,41,33,0.0,11.0
2021-07-31,20,24,15,3,26,0.0,16,22,19,21,0,0,18,0,48,23,0.0,10.0
2021-08-01,19,29,14,4,24,0.0,22,21,23,24,0,0,20,17,28,24,1.0,6.0
2021-08-02,19,27,13,3,22,0.0,13,18,27,22,0,0,17,10,37,27,0.0,8.0
2021-08-03,17,24,13,3,22,0.0,14,20,15,23,0,0,14,0,37,32,1.0,0.0
2021-08-04,17,30,12,3,20,0.0,10,19,22,30,0,0,16,18,37,33,1.0,9.0
2021-08-05,18,43,13,4,22,0.0,37,18,26,42,0,0,14,15,44,32,1.0,12.0
2021-08-06,19,36,12,4,25,0.0,11,21,28,34,0,0,19,18,36,28,1.0,13.0
2021-08-07,22,42,13,5,28,0.0,14,21,29,37,0,0,21,18,28,25,2.0,16.0
2021-08-08,21,37,13,4,28,0.0,18,20,24,32,0,0,25,24,31,24,1.0,16.0
2021-08-09,24,37,12,5,30,0.0,15,22,26,30,0,0,22,20,39,35,1.0,9.0
2021-08-10,22,33,12,4,27,0.0,17,23,22,28,0,0,21,17,38,31,1.0,17.0
2021-08-11,22,35,12,5,25,0.0,17,23,28,28,0,18,24,16,37,35,1.0,18.0
2021-08-12,22,29,12,4,24,0.0,23,24,20,22,0,0,21,23,34,33,1.0,12.0
2021-08-13,19,28,14,5,27,0.0,18,22,24,25,0,0,17,19,34,35,1.0,14.0
2021-08-14,20,27,15,4,25,0.0,18,22,21,24,0,0,19,16,36,26,1.0,18.0
2021-08-15,19,26,14,4,23,0.0,19,24,23,22,0,0,21,23,27,26,1.0,17.0
2021-08-16,20,28,13,7,24,0.0,32,22,25,24,0,0,16,22,35,33,1.0,15.0
2021-08-17,19,25,15,15,24,0.0,16,22,21,25,0,20,13,0,37,32,1.0,17.0
2021-08-18,19,24,15,17,24,0.0,18,20,22,22,0,0,19,0,40,36,1.0,10.0
2021-08-19,17,24,17,25,22,0.0,22,21,21,23,0,0,18,10,34,30,1.0,9.0
2021-08-20,20,29,15,27,26,0.0,20,24,27,24,16,16,24,12,40,32,2.0,19.0
2021-08-21,20,26,20,66,26,0.0,19,24,25,23,0,0,20,17,23,24,1.0,19.0
2021-08-22,20,24,15,32,22,0.0,29,23,25,23,0,0,19,16,27,24,1.0,16.0
2021-08-23,24,31,16,38,29,0.0,22,27,26,26,0,16,23,20,41,34,2.0,23.0
2021-08-24,20,27,18,47,26,0.0,29,26,24,27,0,0,25,18,43,31,1.0,17.0
2021-08-25,19,23,16,37,24,0.0,21,23,24,24,0,0,19,18,37,34,1.0,13.0
2021-08-26,18,21,17,32,23,0.0,16,22,24,23,0,0,19,0,34,36,2.0,12.0
2021-08-27,18,21,13,27,21,0.0,17,21,21,22,0,23,18,0,35,30,1.0,14.0
2021-08-28,16,21,16,28,21,0.0,27,22,21,23,0,19,19,19,21,21,1.0,16.0
2021-08-29,16,20,15,22,19,0.0,23,21,30,24,0,19,17,16,21,25,0.0,14.0
2021-08-30,17,21,15,25,20,0.0,13,19,20,23,0,30,18,16,32,28,1.0,11.0
2021-08-31,16,24,13,26,20,0.0,26,21,25,27,0,18,17,23,36,33,1.0,18.0
2021-09-01,16,33,14,25,19,0.0,30,21,28,37,0,16,16,25,35,34,1.0,19.0
2021-09-02,18,36,14,25,22,0.0,26,22,40,34,0,0,16,16,37,29,2.0,19.0
2021-09-03,18,37,14,28,22,0.0,28,26,31,36,0,0,19,32,36,31,1.0,15.0
2021-09-04,16,30,15,22,20,0.0,24,24,36,28,0,31,14,18,17,24,1.0,23.0
2021-09-05,16,28,14,22,20,0.0,26,25,26,27,0,0,17,0,27,22,1.0,18.0
2021-09-06,20,31,13,21,23,0.0,23,23,26,28,0,0,21,15,29,27,1.0,21.0
2021-09-07,31,36,13,25,37,0.0,28,30,34,36,0,34,30,25,38,34,30.0,17.0
2021-09-08,29,30,13,20,33,0.0,18,29,25,29,0,24,20,15,42,32,15.0,22.0
2021-09-09,21,25,14,23,24,0.0,24,27,23,25,0,0,18,0,36,30,3.0,18.0
2021-09-10,19,24,14,26,23,0.0,22,24,20,25,0,27,18,13,41,27,3.0,11.0
2021-09-11,16,20,16,39,20,0.0,24,22,14,23,0,0,17,0,23,19,2.0,11.0
2021-09-12,16,21,20,58,18,100.0,19,25,16,23,0,0,14,16,24,23,1.0,10.0
2021-09-13,18,23,15,33,23,0.0,18,23,20,25,0,0,18,0,43,33,2.0,14.0
2021-09-14,16,20,15,26,20,0.0,15,23,20,21,0,25,19,0,34,31,1.0,11.0
2021-09-15,17,22,14,25,21,0.0,15,22,21,21,0,0,17,15,37,33,1.0,18.0
2021-09-16,16,22,17,46,19,0.0,21,22,22,23,0,0,17,12,36,33,1.0,18.0
2021-09-17,16,20,17,39,18,0.0,18,22,20,21,0,0,16,0,38,30,1.0,10.0
2021-09-18,15,19,18,52,19,45.0,23,23,20,21,0,0,13,0,25,26,1.0,20.0
2021-09-19,13,19,18,38,16,47.0,20,22,23,21,0,0,16,0,24,27,1.0,13.0
2021-09-20,21,23,16,33,25,0.0,16,21,21,24,0,33,20,12,44,33,12.0,11.0
2021-09-21,22,24,15,32,27,0.0,16,22,23,27,0,23,14,16,35,32,9.0,12.0
2021-09-22,19,23,16,32,24,0.0,17,21,20,24,0,18,19,0,38,35,3.0,15.0
2021-09-23,18,21,17,42,22,0.0,16,23,20,22,0,19,17,14,33,33,1.0,12.0
2021-09-24,26,24,16,30,29,0.0,18,23,17,25,0,0,17,0,30,32,4.0,10.0
2021-09-25,19,18,15,23,21,0.0,18,23,15,20,0,0,19,15,22,20,1.0,7.0
2021-09-26,16,18,15,25,19,0.0,19,21,17,19,0,18,11,0,29,20,2.0,14.0
2021-09-27,16,20,14,22,20,0.0,12,20,20,23,0,18,11,11,31,29,1.0,7.0
2021-09-28,16,19,14,20,20,0.0,19,21,19,23,0,0,13,18,33,32,2.0,0.0
2021-09-29,16,19,18,24,20,0.0,11,19,18,21,0,0,12,0,35,33,1.0,8.0
2021-09-30,16,18,16,32,18,0.0,16,19,18,21,0,0,14,0,40,32,1.0,12.0
2021-10-01,19,22,21,30,23,0.0,17,21,20,23,0,19,19,13,29,32,1.0,14.0
2021-10-02,17,21,17,28,21,0.0,16,21,18,23,0,18,21,13,23,25,1.0,11.0
2021-10-03,16,20,17,22,19,47.0,17,20,15,21,0,0,15,0,22,21,1.0,12.0
2021-10-04,18,20,17,23,21,0.0,18,19,20,22,0,0,15,11,37,29,1.0,9.0
2021-10-05,20,22,18,24,24,51.0,20,24,16,25,0,23,21,13,38,38,1.0,24.0
2021-10-06,26,26,19,26,32,0.0,23,28,26,28,0,0,26,16,33,41,1.0,30.0
2021-10-07,23,24,16,23,28,0.0,33,25,24,26,0,19,22,12,35,35,2.0,29.0
2021-10-08,20,22,17,22,24,0.0,23,24,21,23,0,23,21,0,30,30,1.0,26.0
2021-10-09,18,20,17,20,21,0.0,27,29,22,22,0,19,16,23,21,25,1.0,26.0
2021-10-10,18,19,17,19,22,0.0,23,19,19,22,33,0,18,14,25,27,1.0,23.0
2021-10-11,21,23,17,21,28,0.0,25,23,18,25,0,20,22,12,30,33,1.0,23.0
2021-10-12,21,21,18,23,28,0.0,21,25,24,24,0,19,22,18,30,33,2.0,20.0
2021-10-13,20,19,22,19,23,0.0,29,23,21,24,0,0,21,16,30,32,1.0,28.0
2021-10-14,20,26,36,19,25,0.0,23,27,26,26,0,18,23,21,34,32,2.0,31.0
2021-10-15,28,30,19,19,42,41.0,29,31,25,29,0,32,30,0,28,33,1.0,33.0
2021-10-16,25,28,21,22,32,0.0,31,30,32,27,0,18,28,0,25,28,1.0,27.0
2021-10-17,21,24,30,16,25,0.0,21,28,28,25,0,26,24,0,26,25,1.0,23.0
2021-10-18,24,25,18,15,29,0.0,28,31,19,26,0,0,25,0,32,32,1.0,20.0
2021-10-19,28,24,21,16,35,0.0,28,34,25,26,0,21,33,0,42,37,1.0,16.0
2021-10-20,36,36,24,19,45,0.0,20,42,36,36,0,35,44,30,40,33,1.0,26.0
2021-10-21,33,40,20,19,39,0.0,28,43,41,39,0,28,40,40,38,34,2.0,28.0
2021-10-22,28,30,23,29,32,0.0,26,32,31,28,0,0,28,17,36,29,2.0,32.0
2021-10-23,22,25,21,21,24,0.0,28,30,30,24,0,0,19,28,26,28,1.0,26.0
2021-10-24,19,24,26,18,23,0.0,35,30,27,24,0,29,30,19,24,24,1.0,40.0
2021-10-25,23,27,17,18,25,0.0,27,30,36,27,0,21,23,20,33,32,1.0,42.0
2021-10-26,24,30,21,24,24,0.0,39,35,37,31,0,39,19,23,33,38,2.0,56.0
2021-10-27,25,28,26,21,29,0.0,60,41,38,32,0,39,27,18,37,35,11.0,68.0
2021-10-28,23,27,18,18,25,0.0,91,47,49,32,0,56,28,35,44,38,3.0,100.0
2021-10-29,21,36,25,17,24,0.0,91,40,62,39,0,49,28,16,41,41,2.0,89.0
2021-10-30,18,30,19,17,21,0.0,74,37,56,32,0,55,21,28,20,25,2.0,90.0
2021-10-31,17,27,29,17,21,0.0,62,34,52,28,0,62,20,20,27,26,2.0,95.0
2021-11-01,19,28,18,16,21,0.0,60,33,48,30,0,57,22,22,29,39,2.0,85.0
2021-11-02,21,34,18,20,24,0.0,61,38,50,37,0,58,25,28,37,40,2.0,79.0
2021-11-03,19,37,20,26,22,0.0,51,33,47,38,0,55,22,32,32,39,2.0,77.0
2021-11-04,18,32,27,29,22,0.0,44,30,50,36,19,50,24,29,39,37,2.0,74.0
2021-11-05,18,28,18,20,20,63.0,51,33,45,33,0,49,24,18,38,35,1.0,65.0
2021-11-06,16,26,21,18,19,0.0,48,30,36,27,0,39,23,18,24,26,2.0,64.0
2021-11-07,16,27,27,36,19,0.0,52,30,44,29,0,52,21,18,22,26,2.0,66.0
2021-11-08,24,40,22,49,30,74.0,46,34,58,42,0,41,31,24,36,37,2.0,59.0
2021-11-09,27,40,19,32,34,45.0,54,41,57,41,21,63,35,29,40,37,4.0,81.0
2021-11-10,25,35,20,28,29,0.0,45,40,47,38,0,51,26,22,36,43,7.0,78.0
2021-11-11,21,32,20,22,25,0.0,44,31,47,33,0,50,22,0,43,40,3.0,64.0
2021-11-12,21,30,28,20,23,0.0,41,32,46,30,0,60,23,31,33,35,2.0,59.0
2021-11-13,19,27,26,34,21,69.0,47,31,38,29,0,34,24,17,25,24,2.0,68.0
2021-11-14,19,27,31,32,20,50.0,53,31,41,28,0,42,21,30,29,28,2.0,60.0
2021-11-15,19,28,22,35,22,53.0,38,30,40,31,0,47,21,18,42,33,2.0,59.0
2021-11-16,26,34,21,33,31,36.0,37,32,46,35,0,47,28,24,52,39,15.0,55.0
2021-11-17,23,31,25,56,26,0.0,34,33,57,32,0,47,27,40,38,42,6.0,55.0
2021-11-18,24,32,30,48,26,49.0,44,32,61,32,0,31,22,21,44,38,8.0,58.0
2021-11-19,23,28,23,37,27,0.0,32,29,39,29,23,44,21,14,31,32,5.0,48.0
2021-11-20,18,26,40,74,22,71.0,34,26,32,26,0,33,20,22,25,23,1.0,45.0
2021-11-21,18,25,31,100,20,95.0,34,29,32,27,0,53,24,18,19,24,1.0,47.0
2021-11-22,20,26,30,75,24,80.0,34,26,39,28,0,37,19,20,41,31,2.0,53.0
2021-11-23,21,27,32,66,25,0.0,38,28,24,28,0,50,19,19,38,34,6.0,50.0
2021-11-24,22,25,24,63,22,73.0,42,28,36,28,0,35,22,16,37,32,7.0,43.0
2021-11-25,19,26,28,49,21,57.0,38,27,29,29,0,50,14,0,37,29,2.0,44.0
2021-11-26,23,29,24,48,31,0.0,33,30,38,28,0,36,21,23,35,27,9.0,42.0
2021-11-27,20,25,35,43,24,66.0,40,30,38,23,0,48,22,18,24,26,3.0,48.0
2021-11-28,19,24,32,39,22,68.0,34,27,36,26,0,37,19,18,29,24,4.0,39.0
2021-11-29,20,26,22,38,24,47.0,25,26,25,29,0,39,19,21,36,37,2.0,37.0
2021-11-30,21,28,24,39,24,46.0,36,28,39,33,0,30,23,20,45,43,2.0,52.0
2021-12-01,18,31,25,40,23,50.0,17,25,36,33,0,30,14,24,40,41,1.0,45.0
2021-12-02,17,26,38,39,20,56.0,25,25,31,25,0,31,18,14,45,35,1.0,40.0
2021-12-03,19,27,31,40,23,0.0,24,25,34,26,0,32,15,21,36,31,4.0,40.0
2021-12-04,42,40,26,41,53,0.0,33,44,37,38,0,73,36,20,40,28,66.0,47.0
2021-12-05,29,31,35,40,35,54.0,34,33,31,28,0,39,22,13,34,27,12.0,40.0
2021-12-06,27,29,23,39,33,0.0,26,27,28,30,0,40,25,29,42,30,11.0,31.0
2021-12-07,24,27,29,34,28,58.0,24,27,31,29,0,30,16,12,38,33,3.0,35.0
2021-12-08,21,26,25,32,24,42.0,23,26,28,27,0,32,18,23,37,32,2.0,30.0
2021-12-09,22,25,33,29,27,0.0,22,26,28,28,0,32,21,0,42,33,3.0,29.0
2021-12-10,21,25,26,27,26,0.0,20,22,28,27,0,40,14,15,31,33,4.0,26.0
2021-12-11,18,23,39,28,23,0.0,26,27,28,27,0,41,16,0,23,17,3.0,27.0
2021-12-12,18,21,48,25,21,85.0,18,28,28,26,0,0,17,20,27,26,2.0,28.0
2021-12-13,22,26,33,27,27,0.0,18,22,26,27,0,47,20,17,38,37,7.0,29.0
2021-12-14,23,28,26,26,28,43.0,23,26,31,30,0,21,30,21,37,31,6.0,37.0
2021-12-15,22,26,37,51,26,71.0,24,27,30,29,0,32,19,16,32,28,3.0,26.0
2021-12-16,20,24,27,52,24,0.0,27,25,29,27,0,26,20,0,36,31,1.0,30.0
2021-12-17,19,24,35,53,24,62.0,30,25,28,29,0,28,19,13,34,32,2.0,21.0
2021-12-18,18,22,28,50,22,0.0,19,23,31,26,0,0,15,16,24,21,2.0,30.0
2021-12-19,17,21,24,42,21,56.0,22,24,25,25,0,26,15,16,21,20,1.0,31.0
2021-12-20,19,23,23,46,25,0.0,18,21,26,25,20,28,18,16,39,29,2.0,21.0
2021-12-21,20,23,21,44,24,0.0,24,24,25,25,0,40,17,15,33,33,1.0,31.0
2021-12-22,18,22,21,38,24,0.0,21,23,27,26,0,28,15,14,33,33,1.0,28.0
2021-12-23,18,22,20,37,24,0.0,21,25,32,26,0,28,20,15,26,30,1.0,30.0
2021-12-24,19,22,23,36,25,0.0,27,25,31,26,0,44,26,0,29,26,1.0,33.0
2021-12-25,18,22,20,31,22,0.0,21,25,30,25,0,26,12,0,26,23,1.0,34.0
2021-12-26,17,21,23,32,22,0.0,32,25,33,28,0,37,21,0,23,22,1.0,40.0
2021-12-27,18,22,26,30,22,0.0,25,24,28,25,0,27,20,20,30,36,1.0,35.0
2021-12-28,19,23,27,29,25,54.0,32,25,38,24,0,26,21,22,38,36,4.0,37.0
2021-12-29,19,25,26,26,24,0.0,24,27,38,26,0,30,20,34,42,34,3.0,33.0
2021-12-30,19,22,26,27,23,0.0,31,25,32,28,0,0,16,16,40,33,2.0,30.0
2021-12-31,18,21,24,29,22,0.0,31,26,33,23,0,36,17,20,33,24,1.0,29.0
2022-01-01,18,23,26,33,25,0.0,30,28,33,33,0,55,15,29,22,27,1.0,32.0
2022-01-02,18,24,32,39,23,0.0,28,29,42,39,0,32,22,20,33,34,1.0,33.0
2022-01-03,18,24,27,34,25,41.0,35,27,45,42,0,40,22,26,42,36,1.0,31.0
2022-01-04,46,52,54,80,59,0.0,65,64,91,86,0,100,53,100,99,100,4.0,70.0
2022-01-05,17,21,30,30,23,0.0,22,24,40,36,0,34,19,23,39,37,6.0,27.0
2022-01-06,25,28,24,31,33,40.0,28,29,40,42,0,39,19,22,56,42,12.0,32.0
2022-01-07,31,36,36,41,40,42.0,33,35,55,54,0,60,26,39,60,44,9.0,28.0
2022-01-08,28,31,34,39,34,0.0,27,34,50,48,100,56,26,34,29,29,9.0,33.0
2022-01-09,25,30,41,38,31,0.0,37,30,49,50,52,42,21,17,35,33,4.0,31.0
2022-01-10,26,30,30,34,35,46.0,26,32,49,49,0,40,28,25,44,41,6.0,28.0
2022-01-11,24,28,36,31,31,0.0,26,32,47,49,0,39,21,29,50,46,2.0,29.0
2022-01-12,22,29,31,33,30,0.0,20,28,44,48,0,46,23,21,49,46,1.0,26.0
2022-01-13,43,54,49,64,56,0.0,51,60,78,100,0,89,49,71,100,97,4.0,53.0
2022-01-14,17,21,6,33,16,43.0,26,25,25,29,0,18,22,26,25,35,1.0,27.0
2022-01-15,18,22,10,44,19,52.0,43,30,29,33,0,23,18,35,23,34,1.0,42.0
2022-01-16,34,41,17,77,33,87.0,89,53,54,62,0,45,51,66,37,61,3.0,84.0
2022-01-17,17,20,8,40,16,59.0,33,23,25,28,0,23,19,26,28,37,3.0,28.0
2022-01-18,19,21,6,34,18,0.0,37,23,24,29,0,21,22,20,31,32,4.0,30.0
2022-01-19,18,21,6,34,18,37.0,29,24,31,32,0,27,23,47,38,45,4.0,28.0
2022-01-20,19,22,9,34,18,45.0,41,24,25,32,0,19,25,23,36,45,4.0,33.0
2022-01-21,39,36,9,46,36,47.0,34,38,37,43,100,38,39,45,40,47,38.0,53.0
2022-01-22,51,44,8,55,50,0.0,48,50,49,49,0,67,48,52,44,38,90.0,59.0
2022-01-23,36,37,9,47,37,55.0,46,43,44,41,0,33,34,52,24,31,25.0,53.0
2022-01-24,100,100,15,100,100,92.0,100,100,100,100,0,100,100,100,100,100,61.0,100.0
2022-01-25,31,31,8,40,29,30.0,38,37,36,36,96,29,27,33,36,41,9.0,42.0
2022-01-26,30,29,6,44,29,48.0,38,31,36,34,0,29,32,46,39,65,7.0,49.0
2022-01-27,26,26,11,36,26,0.0,37,32,31,32,0,26,29,25,38,43,5.0,36.0
2022-01-28,27,27,8,39,25,0.0,34,32,29,33,0,25,28,30,38,43,5.0,25.0
2022-01-29,24,25,12,43,23,40.0,40,31,30,32,0,27,32,38,30,33,6.0,38.0
2022-01-30,23,24,8,40,21,0.0,31,30,25,33,0,51,35,36,25,30,4.0,32.0
2022-01-31,24,25,9,38,23,41.0,30,25,29,32,0,28,21,45,37,42,4.0,31.0
2022-02-01,24,27,7,37,23,0.0,54,28,31,36,0,27,23,25,37,45,3.0,39.0
2022-02-02,23,25,9,36,21,0.0,36,29,27,33,0,26,25,23,32,46,3.0,29.0
2022-02-03,23,24,6,32,21,0.0,39,28,20,32,0,25,24,26,36,44,4.0,32.0
2022-02-04,25,30,6,41,26,0.0,34,29,24,38,0,25,25,40,33,46,2.0,31.0
2022-02-05,25,29,7,38,26,0.0,35,29,29,40,0,27,30,25,23,35,2.0,34.0
2022-02-06,21,24,7,35,21,44.0,39,27,27,33,0,23,28,32,26,36,2.0,37.0
2022-02-07,26,29,8,47,30,0.0,36,29,24,37,0,43,22,28,35,47,2.0,38.0
2022-02-08,25,26,8,47,26,0.0,38,28,26,37,0,39,27,36,34,42,2.0,55.0
2022-02-09,24,24,7,41,22,0.0,41,29,25,34,0,25,29,27,28,45,2.0,40.0
2022-02-10,19,21,6,36,20,0.0,28,23,18,30,0,26,24,19,32,38,2.0,30.0
2022-02-11,21,23,9,36,22,59.0,21,25,19,30,0,20,33,16,36,43,3.0,36.0
2022-02-12,19,21,6,36,21,41.0,28,25,21,26,0,26,17,14,24,37,3.0,37.0
2022-02-13,18,19,7,35,18,0.0,31,25,17,29,0,21,26,19,22,30,2.0,28.0
2022-02-14,20,22,7,30,20,35.0,31,25,17,29,0,30,23,28,33,36,2.0,27.0
2022-02-15,21,23,7,43,22,0.0,23,24,21,31,0,30,22,17,33,39,1.0,29.0
2022-02-16,18,22,9,52,19,0.0,26,24,22,30,0,17,17,20,33,41,2.0,28.0
2022-02-17,20,21,9,44,21,42.0,27,24,17,29,0,23,25,23,35,39,2.0,32.0
2022-02-18,21,20,7,41,22,0.0,20,23,20,28,0,26,26,20,33,40,3.0,27.0
2022-02-19,18,20,9,39,19,0.0,27,25,18,27,0,22,22,19,21,29,2.0,25.0
2022-02-20,19,21,8,33,22,0.0,26,24,21,29,0,12,26,16,23,31,5.0,29.0
2022-02-21,22,22,8,36,24,0.0,23,23,17,30,0,28,23,21,33,36,3.0,19.0
2022-02-22,25,23,7,35,25,0.0,23,23,18,28,0,29,24,14,36,38,7.0,28.0
2022-02-23,20,21,7,39,21,35.0,26,23,13,28,0,12,15,21,37,41,2.0,23.0
2022-02-24,41,35,7,40,40,0.0,27,33,23,34,0,29,32,35,36,36,11.0,33.0
2022-02-25,28,23,9,30,26,0.0,27,26,15,26,0,20,22,19,27,35,3.0,33.0
2022-02-26,21,20,9,37,22,0.0,21,23,13,25,0,16,21,23,19,27,2.0,24.0
2022-02-27,21,20,9,31,23,0.0,22,25,17,25,0,12,25,20,22,29,2.0,25.0
2022-02-28,26,23,6,37,28,29.0,21,25,16,29,0,16,21,19,29,33,2.0,25.0
2022-03-01,28,25,7,43,31,0.0,23,27,14,28,0,13,26,26,26,33,1.0,24.0
2022-03-02,24,22,8,36,25,30.0,23,24,15,25,0,27,23,17,35,37,1.0,24.0
2022-03-03,22,20,6,35,21,0.0,21,25,18,24,0,20,18,13,28,36,1.0,26.0
2022-03-04,22,20,7,34,23,29.0,20,24,14,23,0,18,18,0,27,32,1.0,18.0
2022-03-05,19,17,7,26,20,0.0,18,23,14,21,0,16,22,15,20,25,1.0,23.0
2022-03-06,18,17,9,31,19,33.0,21,23,14,21,0,21,20,13,24,27,4.0,20.0
2022-03-07,22,19,6,31,24,35.0,20,22,15,24,0,21,21,21,33,39,2.0,21.0
2022-03-08,20,17,9,27,20,0.0,19,24,12,21,0,12,19,17,31,39,1.0,25.0
2022-03-09,22,20,7,37,25,0.0,23,24,13,23,0,23,25,13,35,40,2.0,19.0
2022-03-10,20,18,6,28,21,34.0,27,23,14,21,0,15,25,15,35,41,1.0,23.0
2022-03-11,19,17,7,32,19,0.0,24,21,16,20,0,15,23,17,31,35,2.0,17.0
2022-03-12,17,15,6,28,18,41.0,23,23,14,18,0,19,23,20,21,28,1.0,16.0
2022-03-13,16,15,8,29,17,0.0,22,24,15,19,74,17,23,18,21,28,1.0,20.0
2022-03-14,18,17,8,36,19,0.0,18,22,12,21,69,16,19,0,26,35,1.0,19.0
2022-03-15,17,16,7,34,18,29.0,23,21,12,20,0,15,19,13,31,36,1.0,17.0
2022-03-16,19,18,8,30,21,0.0,25,21,13,21,0,20,21,16,31,41,1.0,14.0
2022-03-17,17,18,7,43,20,35.0,23,21,14,24,0,23,21,14,33,39,1.0,19.0
2022-03-18,17,19,9,44,17,0.0,17,22,13,24,0,16,21,14,26,37,1.0,17.0
2022-03-19,16,19,8,45,18,40.0,23,22,14,21,0,20,22,11,19,27,1.0,22.0
2022-03-20,16,17,7,36,16,0.0,20,24,13,21,0,14,19,15,17,27,1.0,23.0
2022-03-21,16,17,8,39,17,0.0,18,21,14,23,0,0,17,0,33,36,0.0,14.0
2022-03-22,18,21,9,43,20,30.0,22,22,14,23,0,9,21,15,33,36,1.0,24.0
2022-03-23,16,19,7,36,17,34.0,19,21,13,22,0,29,18,0,31,37,1.0,25.0
2022-03-24,18,20,8,38,20,0.0,20,23,15,24,0,20,22,18,28,41,1.0,21.0
2022-03-25,17,20,7,35,21,0.0,19,22,12,22,0,19,22,13,29,36,1.0,23.0
2022-03-26,15,17,8,29,17,0.0,17,24,15,20,0,12,25,14,20,29,1.0,19.0
2022-03-27,17,19,8,30,20,0.0,18,24,18,23,0,10,20,18,19,27,1.0,28.0
2022-03-28,22,24,8,41,25,0.0,22,22,14,28,0,25,23,17,32,39,1.0,37.0
2022-03-29,19,23,7,37,22,25.0,21,25,16,26,0,19,25,25,29,39,1.0,25.0
2022-03-30,18,19,8,36,19,27.0,26,22,18,25,0,21,17,19,29,39,1.0,30.0
2022-03-31,17,18,7,37,20,28.0,22,22,13,23,0,21,20,17,29,39,2.0,34.0
2022-04-01,17,18,7,32,19,29.0,25,22,11,23,0,27,21,18,26,35,1.0,24.0
2022-04-02,15,18,10,38,17,0.0,20,24,16,23,0,27,21,15,22,30,1.0,24.0
2022-04-03,15,18,6,30,16,30.0,25,22,12,24,0,32,18,16,20,29,1.0,21.0
2022-04-04,16,19,6,30,17,0.0,19,21,13,23,0,21,21,13,30,40,1.0,34.0
2022-04-05,15,19,6,25,17,0.0,22,21,15,22,0,17,19,14,27,38,1.0,24.0
2022-04-06,18,19,7,27,20,0.0,24,21,14,23,0,20,19,11,30,44,3.0,24.0
2022-04-07,17,17,6,32,17,0.0,25,22,12,23,0,21,21,0,34,39,2.0,16.0
2022-04-08,16,16,7,33,17,0.0,21,23,15,20,0,17,15,13,32,41,1.0,19.0
2022-04-09,14,15,8,28,16,35.0,19,21,10,19,0,14,24,13,22,26,1.0,18.0
2022-04-10,14,15,9,26,15,31.0,29,22,13,19,0,17,20,0,21,25,1.0,22.0
2022-04-11,19,18,6,35,22,29.0,18,25,15,23,0,19,17,20,32,36,5.0,17.0
2022-04-12,17,17,5,27,20,0.0,23,20,15,20,0,15,17,14,33,39,2.0,20.0
2022-04-13,17,16,6,27,18,0.0,21,22,10,20,0,16,17,0,34,37,1.0,20.0
2022-04-14,15,15,10,28,17,0.0,15,23,13,19,0,15,18,18,25,36,1.0,18.0
2022-04-15,15,15,8,28,16,30.0,27,23,14,18,0,16,14,14,23,25,1.0,17.0
2022-04-16,13,13,7,25,15,0.0,20,22,13,17,0,14,22,14,18,24,1.0,19.0
2022-04-17,13,13,9,25,14,0.0,18,22,12,17,0,12,20,17,20,24,1.0,18.0
2022-04-18,15,16,7,28,19,36.0,29,22,13,20,0,16,23,11,31,35,3.0,17.0
2022-04-19,15,16,8,26,17,26.0,17,20,12,19,0,14,17,0,26,32,1.0,17.0
2022-04-20,14,15,6,24,16,0.0,24,20,11,19,0,22,18,13,30,40,1.0,23.0
2022-04-21,14,15,8,24,17,0.0,18,22,11,20,0,13,17,17,26,39,1.0,24.0
2022-04-22,15,14,6,20,16,0.0,19,21,10,19,0,20,20,24,29,33,1.0,18.0
2022-04-23,13,13,8,23,15,27.0,20,20,11,16,0,23,23,20,23,23,1.0,18.0
2022-04-24,12,12,8,23,14,0.0,15,20,11,16,0,11,16,11,20,24,1.0,17.0
2022-04-25,16,14,6,24,18,0.0,23,21,13,19,0,22,16,0,33,34,3.0,21.0
2022-04-26,15,16,6,24,18,26.0,19,23,13,19,0,14,22,15,29,38,2.0,19.0
2022-04-27,15,14,8,22,17,0.0,19,23,13,18,0,16,14,10,31,38,1.0,18.0
2022-04-28,15,13,6,24,16,0.0,24,22,13,18,0,17,18,11,31,36,1.0,20.0
2022-04-29,14,13,8,25,16,0.0,21,23,12,18,0,21,14,13,30,34,2.0,23.0
2022-04-30,13,13,9,34,17,32.0,17,24,15,18,0,14,16,12,26,27,3.0,14.0
2022-05-01,14,14,6,26,17,0.0,17,20,14,24,0,16,18,17,23,25,5.0,22.0
2022-05-02,15,14,6,23,17,0.0,19,20,11,19,0,17,16,11,32,33,1.0,20.0
2022-05-03,14,13,8,25,16,0.0,18,21,14,19,0,15,13,17,28,27,2.0,16.0
2022-05-04,14,13,17,29,18,28.0,17,19,11,19,72,15,16,15,24,29,1.0,20.0
2022-05-05,17,15,8,32,21,32.0,16,21,12,20,0,22,18,0,28,37,3.0,20.0
2022-05-06,19,15,18,33,23,0.0,20,21,13,19,0,19,19,13,28,30,3.0,22.0
2022-05-07,14,13,14,25,19,0.0,17,20,14,17,0,19,18,16,20,22,2.0,19.0
2022-05-08,18,15,10,29,23,0.0,11,23,10,17,0,20,21,14,19,23,5.0,16.0
2022-05-09,31,23,8,37,40,0.0,22,31,15,26,0,26,33,22,35,29,20.0,26.0
2022-05-10,30,20,16,34,35,0.0,15,32,15,23,0,32,30,16,40,39,15.0,30.0
2022-05-11,37,25,7,77,45,0.0,26,33,19,28,86,40,39,25,44,39,46.0,44.0
2022-05-12,53,39,7,57,58,38.0,42,43,26,37,82,65,42,29,42,41,100.0,80.0
2022-05-13,41,30,8,41,41,0.0,44,36,21,28,0,42,31,14,38,38,66.0,57.0
2022-05-14,30,20,9,29,30,0.0,32,28,17,18,0,50,29,20,26,30,39.0,60.0
2022-05-15,25,18,10,29,25,0.0,35,26,13,17,0,45,22,0,27,28,29.0,32.0
2022-05-16,28,18,9,28,27,0.0,26,23,12,18,0,34,20,0,32,35,18.0,42.0
2022-05-17,24,18,9,26,23,29.0,29,22,12,18,0,21,15,18,35,38,14.0,33.0
2022-05-18,22,18,21,23,23,43.0,13,22,12,17,0,21,22,0,32,34,12.0,26.0
2022-05-19,23,17,8,27,23,0.0,19,23,10,16,0,24,19,0,34,35,11.0,25.0
2022-05-20,21,15,19,24,22,0.0,14,21,10,16,0,23,16,12,30,32,7.0,23.0
2022-05-21,18,14,10,21,19,36.0,17,17,10,14,0,20,21,0,21,25,7.0,15.0
2022-05-22,18,13,21,22,19,0.0,16,21,11,14,0,32,16,0,22,23,5.0,17.0
2022-05-23,20,15,9,22,20,34.0,18,20,11,15,77,21,17,0,34,35,6.0,21.0
2022-05-24,20,14,22,23,20,0.0,16,19,10,15,0,21,19,14,32,31,6.0,17.0
2022-05-25,18,14,11,23,18,0.0,15,18,12,15,0,18,14,0,33,34,5.0,21.0
2022-05-26,19,17,27,37,20,0.0,16,20,13,18,0,25,21,16,32,36,6.0,13.0
2022-05-27,19,19,14,38,20,0.0,14,18,11,19,0,16,17,19,29,28,7.0,15.0
2022-05-28,16,15,31,26,17,37.0,14,19,11,14,0,19,15,0,18,19,4.0,18.0
2022-05-29,15,14,10,28,16,0.0,13,17,11,15,0,12,17,17,20,22,3.0,18.0
2022-05-30,18,16,9,28,21,46.0,14,17,10,15,0,19,16,0,24,28,2.0,12.0
2022-05-31,18,16,13,25,22,0.0,13,19,8,17,0,22,21,0,31,34,2.0,22.0
2022-06-01,16,15,33,21,19,51.0,14,18,9,15,0,17,15,0,27,29,3.0,20.0
2022-06-02,16,15,12,20,17,0.0,14,18,10,14,0,10,13,0,30,32,2.0,17.0
2022-06-03,16,13,31,19,17,33.0,14,18,8,15,0,14,15,0,25,33,2.0,17.0
2022-06-04,14,11,15,19,15,34.0,14,18,12,14,0,0,17,0,23,23,3.0,16.0
2022-06-05,14,11,38,22,15,35.0,18,17,9,16,0,0,12,0,23,22,3.0,14.0
2022-06-06,16,14,15,21,19,35.0,13,17,7,14,0,15,16,19,31,33,2.0,15.0
2022-06-07,17,15,45,20,19,45.0,14,19,11,15,0,12,18,12,30,33,3.0,16.0
2022-06-08,15,14,10,18,17,0.0,13,17,8,14,0,13,15,0,28,35,2.0,20.0
2022-06-09,15,13,8,18,15,0.0,10,18,8,14,0,20,18,12,26,34,2.0,13.0
2022-06-10,15,14,7,16,17,0.0,15,18,7,15,0,17,14,0,31,32,3.0,16.0
2022-06-11,15,22,7,20,18,0.0,12,17,14,21,0,13,16,16,19,25,5.0,14.0
2022-06-12,19,23,12,28,23,0.0,13,19,13,24,0,11,16,22,18,19,16.0,14.0
2022-06-13,50,43,9,37,58,31.0,15,33,26,39,0,36,41,25,33,33,48.0,28.0
2022-06-14,49,33,9,27,49,0.0,20,38,21,30,0,31,36,19,35,37,29.0,20.0
2022-06-15,48,36,17,27,48,34.0,14,34,18,31,0,22,25,16,37,37,21.0,23.0
2022-06-16,42,29,56,20,40,37.0,15,29,17,24,0,14,26,0,33,33,11.0,18.0
2022-06-17,34,24,13,18,34,0.0,13,24,15,19,0,14,19,0,34,30,11.0,24.0
2022-06-18,51,41,21,23,59,35.0,13,37,22,32,0,33,41,26,21,20,19.0,23.0
2022-06-19,49,34,60,22,52,56.0,11,33,18,26,0,28,34,26,24,23,13.0,20.0
2022-06-20,39,27,20,21,39,55.0,12,26,12,21,0,21,19,0,29,28,7.0,20.0
2022-06-21,32,23,47,21,34,53.0,17,23,10,18,0,21,17,13,34,36,6.0,20.0
2022-06-22,29,21,17,18,30,0.0,14,22,12,15,0,16,21,0,29,30,5.0,15.0
2022-06-23,26,18,59,18,26,65.0,14,21,9,14,0,11,19,0,34,33,4.0,17.0
2022-06-24,24,18,23,22,25,45.0,13,20,11,15,0,16,17,0,33,32,3.0,18.0
2022-06-25,22,16,76,24,22,47.0,22,21,11,15,0,12,15,0,21,23,3.0,21.0
2022-06-26,20,17,28,21,21,35.0,12,19,11,14,0,14,15,0,19,23,3.0,21.0
2022-06-27,23,17,100,19,23,100.0,15,18,10,15,0,23,13,0,29,33,3.0,16.0
2022-06-28,21,16,15,16,21,44.0,10,20,8,14,76,16,17,12,29,37,3.0,13.0
2022-06-29,22,17,9,17,24,0.0,11,18,11,14,0,22,16,13,32,30,4.0,17.0
2022-06-30,27,21,13,17,28,44.0,13,21,11,16,0,18,20,12,27,31,5.0,12.0
2022-07-01,25,17,9,16,26,0.0,14,22,8,14,0,12,13,0,27,30,3.0,14.0
2022-07-02,22,15,7,16,21,0.0,9,18,9,12,0,19,16,13,14,18,4.0,13.0
2022-07-03,21,15,7,16,21,0.0,18,21,10,13,0,19,17,13,19,20,4.0,15.0
2022-07-04,22,16,8,19,22,39.0,10,19,9,14,0,0,16,0,23,22,3.0,14.0
2022-07-05,22,16,6,17,23,0.0,7,18,10,14,0,13,15,0,31,29,3.0,19.0
2022-07-06,21,14,6,17,20,0.0,13,18,6,13,0,12,16,0,30,35,3.0,11.0
2022-07-07,20,17,7,20,21,0.0,13,18,6,15,0,11,17,0,31,33,2.0,11.0
2022-07-08,21,15,7,16,21,0.0,13,20,10,15,0,15,14,0,29,31,2.0,10.0
2022-07-09,16,12,6,14,18,0.0,0,17,9,12,0,16,17,0,18,24,3.0,14.0
2022-07-10,17,13,6,14,18,0.0,11,17,8,12,0,16,13,0,15,18,2.0,14.0
2022-07-11,20,13,10,14,19,0.0,15,17,6,13,0,0,16,0,29,29,3.0,8.0
2022-07-12,20,14,8,14,19,0.0,7,18,6,13,0,13,11,0,32,33,3.0,12.0
2022-07-13,19,14,8,15,21,0.0,0,18,7,12,0,19,15,0,32,35,3.0,12.0
2022-07-14,20,14,8,16,20,0.0,17,17,9,13,0,17,13,0,30,30,3.0,17.0
2022-07-15,18,15,6,16,19,0.0,10,18,9,13,0,13,20,0,29,31,2.0,11.0
2022-07-16,16,16,6,16,17,0.0,10,16,7,14,0,0,18,0,21,21,2.0,11.0
2022-07-17,16,17,6,20,17,0.0,0,16,10,15,0,14,14,0,19,21,2.0,10.0
2022-07-18,20,24,5,22,21,0.0,12,18,9,22,0,20,19,15,33,36,2.0,13.0
2022-07-19,20,24,5,22,23,0.0,15,17,13,21,0,20,17,14,32,35,2.0,16.0
2022-07-20,21,22,5,21,24,0.0,9,20,9,19,0,0,27,0,36,38,2.0,15.0
2022-07-21,24,19,5,17,24,0.0,10,19,8,16,0,13,53,15,26,36,2.0,17.0
2022-07-22,19,18,5,17,19,0.0,14,19,9,15,95,0,30,0,28,32,2.0,12.0
2022-07-23,16,15,5,16,17,0.0,12,19,7,13,0,16,19,14,21,22,2.0,13.0
2022-07-24,14,16,5,14,15,0.0,15,18,9,15,0,13,20,0,21,24,2.0,17.0
2022-07-25,17,17,5,15,18,0.0,12,17,9,14,0,11,14,0,32,33,2.0,11.0
2022-07-26,18,17,5,18,18,0.0,11,18,9,15,0,18,15,11,27,28,2.0,12.0
2022-07-27,17,18,4,18,19,0.0,10,18,10,15,0,13,20,12,29,29,1.0,9.0
2022-07-28,17,21,5,19,20,0.0,16,18,10,17,0,19,19,0,29,34,2.0,18.0
2022-07-29,16,19,4,17,19,0.0,15,17,10,15,0,16,16,21,31,32,1.0,18.0
2022-07-30,15,17,4,14,18,0.0,8,19,8,14,0,14,13,0,20,23,2.0,17.0
2022-07-31,15,15,4,16,16,0.0,13,17,11,13,0,17,19,15,16,22,1.0,17.0
2022-08-01,16,17,4,15,17,0.0,16,16,8,13,0,0,14,0,29,32,2.0,9.0
2022-08-02,15,16,4,13,17,0.0,12,17,8,13,0,15,13,0,30,31,2.0,16.0
2022-08-03,16,16,4,16,17,0.0,11,17,11,13,0,18,17,0,31,33,1.0,12.0
2022-08-04,15,15,4,13,17,0.0,10,17,11,13,0,15,14,17,27,35,2.0,17.0
2022-08-05,14,15,4,13,16,0.0,13,17,10,13,0,14,12,0,30,34,1.0,11.0
2022-08-06,12,14,4,21,14,0.0,13,18,9,12,0,0,13,0,19,25,1.0,9.0
2022-08-07,12,13,4,27,14,0.0,0,16,9,12,0,0,13,15,19,23,1.0,12.0
2022-08-08,15,18,4,33,18,0.0,14,16,7,16,0,11,13,0,29,34,2.0,11.0
2022-08-09,14,16,4,22,17,0.0,16,19,9,14,0,12,17,0,22,26,1.0,7.0
2022-08-10,15,18,4,22,16,0.0,14,17,6,16,0,15,14,11,31,33,2.0,12.0
2022-08-11,16,22,4,24,19,0.0,11,16,14,20,0,16,16,11,29,36,1.0,10.0
2022-08-12,14,18,4,17,16,34.0,12,17,9,16,0,0,17,0,36,34,1.0,13.0
2022-08-13,13,20,5,18,16,0.0,11,15,9,17,0,13,21,18,17,20,1.0,14.0
2022-08-14,13,19,4,16,16,0.0,11,16,11,16,0,18,15,17,20,29,2.0,17.0
2022-08-15,14,19,4,17,16,0.0,10,17,14,16,0,13,14,13,31,31,2.0,15.0
2022-08-16,13,18,4,15,15,0.0,12,16,10,14,0,12,15,13,30,37,1.0,15.0
2022-08-17,14,17,4,17,16,0.0,9,16,8,15,0,16,16,0,30,30,1.0,11.0
2022-08-18,13,15,4,14,14,0.0,9,17,7,14,0,10,15,0,28,35,2.0,13.0
2022-08-19,17,19,4,19,21,0.0,12,19,21,17,0,13,19,18,33,33,6.0,13.0
2022-08-20,14,16,4,15,17,0.0,8,21,21,16,0,0,16,0,22,25,2.0,9.0
2022-08-21,13,15,4,15,15,0.0,12,19,25,14,0,0,13,14,23,24,1.0,10.0
2022-08-22,14,16,4,14,16,0.0,8,20,18,15,0,11,15,17,39,31,1.0,14.0
2022-08-23,13,15,4,16,15,0.0,8,19,17,14,0,0,13,12,34,36,1.0,13.0
2022-08-24,12,15,4,12,14,0.0,7,19,20,15,0,12,13,0,30,35,1.0,11.0
2022-08-25,13,15,4,13,13,0.0,16,19,17,14,0,12,16,20,31,31,1.0,11.0
2022-08-26,14,15,4,12,15,0.0,12,20,22,15,0,13,13,17,30,32,1.0,6.0
2022-08-27,14,15,4,15,17,0.0,11,21,22,13,0,13,14,0,20,21,3.0,8.0
2022-08-28,14,14,6,20,16,0.0,13,16,11,13,0,13,17,0,22,18,1.0,12.0
2022-08-29,16,16,4,46,18,0.0,8,15,8,15,0,11,13,0,33,32,3.0,12.0
2022-08-30,15,16,4,24,16,0.0,14,16,9,16,0,16,16,18,28,36,1.0,12.0
2022-08-31,14,14,4,16,14,0.0,13,16,10,15,0,13,12,0,27,30,1.0,12.0
2022-09-01,13,14,4,16,15,0.0,15,16,8,13,0,30,15,0,31,34,1.0,9.0
2022-09-02,13,13,4,13,14,0.0,8,17,7,12,0,19,19,0,25,29,1.0,15.0
2022-09-03,11,12,4,12,13,0.0,14,16,9,12,0,16,11,0,20,17,1.0,16.0
2022-09-04,12,11,4,12,13,0.0,8,16,7,13,0,12,17,0,17,23,1.0,12.0
2022-09-05,12,15,4,13,14,0.0,13,15,7,15,0,20,10,0,23,28,1.0,15.0
2022-09-06,14,18,4,16,16,0.0,9,16,11,20,0,20,17,13,25,31,2.0,13.0
2022-09-07,15,17,4,14,18,0.0,7,16,9,18,0,18,14,17,27,35,2.0,16.0
2022-09-08,13,15,4,12,15,0.0,11,15,10,16,0,14,13,14,28,28,1.0,11.0
2022-09-09,15,17,4,15,18,0.0,9,15,8,17,0,29,12,0,32,32,1.0,11.0
2022-09-10,12,15,4,12,15,0.0,8,16,7,15,0,21,16,15,21,25,1.0,13.0
2022-09-11,12,17,4,12,14,0.0,12,17,11,16,0,19,16,20,18,24,1.0,13.0
2022-09-12,44,35,12,36,43,0.0,40,44,21,29,0,46,68,41,72,73,,73.0
2022-09-13,48,42,11,33,49,0.0,45,53,26,34,0,42,74,53,75,70,,86.0
2022-09-14,46,55,12,29,44,0.0,49,51,38,50,0,72,74,88,81,75,,73.0
2022-09-15,45,100,11,28,42,73.0,55,47,45,100,0,46,74,99,94,79,,73.0
2022-09-16,45,47,11,27,42,0.0,55,51,36,40,0,59,70,91,90,67,,53.0
2022-09-17,38,31,12,27,36,0.0,55,43,27,26,0,56,55,100,67,40,,66.0
2022-09-18,37,29,11,27,37,0.0,39,41,21,23,0,45,53,63,56,48,,40.0
2022-09-19,53,35,11,30,51,0.0,44,47,28,33,0,40,52,63,78,68,,51.0
2022-09-20,47,30,13,29,42,0.0,0,49,18,27,0,56,64,81,72,72,,63.0
2022-09-21,49,28,14,33,45,84.0,34,49,27,24,0,57,61,39,84,75,,46.0
2022-09-22,47,27,12,33,44,0.0,41,46,22,23,0,54,51,51,75,62,,54.0
2022-09-23,49,24,12,28,40,0.0,53,49,17,21,0,43,81,0,96,72,,58.0
2022-09-24,40,21,13,26,36,0.0,53,59,18,18,0,72,58,0,47,45,,51.0
2022-09-25,39,18,15,22,34,0.0,0,70,14,18,0,61,47,0,55,43,,67.0
2022-09-26,45,22,17,25,40,0.0,55,59,22,17,0,45,46,47,82,68,,63.0
2022-09-27,48,24,14,27,44,0.0,59,59,17,20,0,65,68,0,82,70,,60.0
2022-09-28,43,20,15,24,41,0.0,40,56,18,17,0,55,61,0,88,77,,54.0
2022-09-29,42,19,13,24,39,0.0,67,60,16,17,0,45,66,0,76,70,,54.0
2022-09-30,40,18,13,24,39,0.0,40,54,16,16,40,38,62,52,72,64,,31.0
2022-10-01,33,13,15,20,32,0.0,51,65,15,14,0,29,62,0,46,49,,70.0
2022-10-02,34,14,14,20,31,0.0,32,73,17,14,0,33,45,0,49,40,,55.0
2022-10-03,40,17,13,26,35,0.0,42,61,15,14,0,33,59,0,70,61,,70.0
2022-10-04,40,18,18,27,38,0.0,38,60,21,15,0,38,53,54,69,67,,78.0
2022-10-05,39,16,18,23,36,0.0,0,58,17,15,0,43,44,0,71,63,,65.0
2022-10-06,38,16,19,21,34,0.0,45,55,11,16,0,0,47,0,80,74,,47.0
2022-10-07,37,16,17,25,35,0.0,75,49,14,15,0,49,41,0,73,68,,49.0
2022-10-08,33,12,16,22,30,0.0,0,57,11,14,0,0,53,0,49,43,,60.0
2022-10-09,34,13,15,19,29,0.0,35,69,9,13,0,0,44,0,48,46,,85.0
2022-10-10,38,14,15,23,34,0.0,39,59,15,16,0,44,52,0,78,64,,54.0
2022-10-11,37,15,17,28,35,0.0,51,55,19,16,0,57,59,0,93,68,,44.0
2022-10-12,36,14,23,28,34,0.0,46,59,13,15,0,34,46,0,69,68,,44.0
2022-10-13,41,17,44,27,41,0.0,41,57,10,16,47,34,58,0,74,71,,36.0
2022-10-14,38,15,29,30,36,0.0,54,57,13,15,0,0,56,0,81,62,,64.0
2022-10-15,31,12,16,24,31,87.0,0,62,10,13,0,0,50,0,49,48,,50.0
2022-10-16,30,13,15,21,27,0.0,43,67,12,12,0,38,62,0,42,45,,43.0
2022-10-17,35,14,15,26,32,0.0,0,51,17,15,0,0,54,40,73,67,,0.0
2022-10-18,36,15,24,28,32,75.0,47,58,12,14,0,37,59,0,86,67,,43.0
2022-10-19,34,13,18,25,31,0.0,37,49,11,14,0,38,46,0,71,63,,62.0
2022-10-20,35,13,25,27,32,100.0,51,51,12,15,0,32,53,0,76,69,,66.0
2022-10-21,34,13,18,28,33,0.0,40,47,17,14,0,0,61,0,69,58,,53.0
2022-10-22,29,12,25,20,27,100.0,40,58,8,12,0,0,41,0,38,37,,39.0
2022-10-23,30,12,25,23,28,0.0,61,58,13,13,0,35,45,0,39,38,,70.0
2022-10-24,34,14,14,23,30,0.0,37,52,12,17,0,30,44,0,58,56,,59.0
2022-10-25,37,18,16,24,35,0.0,49,59,13,18,0,35,65,45,65,55,,99.0
2022-10-26,42,22,24,31,40,0.0,42,52,18,21,37,65,52,0,65,57,,68.0
2022-10-27,37,19,15,24,35,0.0,33,55,18,17,0,0,47,0,73,63,,65.0
2022-10-28,36,17,17,31,34,0.0,48,50,16,16,0,0,58,0,68,65,,50.0
2022-10-29,35,19,21,32,34,0.0,39,57,12,16,0,49,57,0,36,39,,77.0
2022-10-30,33,17,19,27,31,0.0,56,64,12,14,0,41,54,0,52,49,,37.0
2022-10-31,37,19,14,34,35,0.0,52,61,18,16,0,47,64,0,73,58,,99.0
2022-11-01,33,17,14,34,32,0.0,100,57,15,15,0,36,51,0,69,74,,76.0
2022-11-02,36,17,14,26,36,0.0,52,54,19,17,0,41,81,0,85,67,,66.0
2022-11-03,35,18,14,27,33,0.0,44,49,9,15,0,33,44,0,80,62,,73.0
2022-11-04,37,17,26,31,36,0.0,34,58,15,15,0,43,60,0,77,66,,77.0
2022-11-05,33,15,26,31,34,0.0,44,60,11,15,0,58,45,59,46,47,,60.0
2022-11-06,31,13,15,25,29,0.0,42,61,14,13,0,0,54,0,44,45,,56.0
2022-11-07,36,17,16,27,33,0.0,60,55,15,16,0,27,52,0,76,71,,73.0
2022-11-08,53,23,14,36,61,0.0,43,61,16,21,0,69,63,0,71,64,,60.0
2022-11-09,89,37,14,46,99,0.0,51,72,29,31,0,85,95,54,86,63,,88.0
2022-11-10,100,33,16,47,100,0.0,45,75,25,28,0,100,79,0,90,70,,75.0
2022-11-11,86,28,20,36,74,0.0,58,73,14,21,0,57,87,0,77,69,,100.0
2022-11-12,74,24,16,34,64,0.0,52,79,12,19,0,75,65,0,55,48,,89.0
2022-11-13,70,23,23,39,61,0.0,50,88,18,18,0,50,79,0,45,48,,77.0
2022-11-14,80,25,16,35,71,0.0,41,67,19,20,0,68,95,46,68,66,,70.0
2022-11-15,65,21,23,31,57,0.0,43,62,18,18,0,64,76,0,83,72,,69.0
2022-11-16,62,21,15,27,54,0.0,0,62,14,17,0,56,92,0,83,69,,75.0
2022-11-17,59,20,15,31,48,0.0,42,60,13,17,42,45,56,0,84,79,,70.0
2022-11-18,55,19,20,24,45,0.0,66,64,15,15,0,34,60,0,84,68,,52.0
2022-11-19,47,15,17,25,39,0.0,36,68,13,16,0,57,62,0,52,48,,40.0
2022-11-20,43,17,21,24,36,0.0,44,74,14,16,0,65,47,0,44,42,,49.0
2022-11-21,57,22,15,29,51,0.0,0,65,16,18,0,65,67,48,72,71,,38.0
2022-11-22,57,20,21,26,49,0.0,35,62,16,15,0,65,57,56,67,62,,70.0
2022-11-23,50,17,15,23,43,0.0,43,62,14,16,0,45,55,0,78,65,,52.0
2022-11-24,40,15,20,23,38,0.0,32,65,12,14,0,51,49,0,57,54,,53.0
2022-11-25,42,13,18,19,37,0.0,62,60,12,13,0,34,50,0,61,48,,45.0
2022-11-26,38,12,18,16,33,0.0,35,65,15,12,0,48,34,0,41,40,,35.0
2022-11-27,37,12,24,19,31,0.0,0,64,14,12,0,42,47,0,39,45,,65.0
2022-11-28,45,15,15,21,41,0.0,36,59,11,14,0,49,59,47,62,52,,51.0
2022-11-29,44,15,17,21,37,0.0,35,59,14,15,0,57,55,0,79,59,,50.0
2022-11-30,43,17,20,23,38,0.0,52,62,10,14,0,45,60,0,69,65,,59.0
2022-12-01,42,14,16,21,37,0.0,34,59,14,13,44,33,65,0,74,67,,49.0
2022-12-02,38,13,20,23,34,0.0,38,75,7,13,0,53,59,0,65,62,,30.0
2022-12-03,35,12,17,28,32,0.0,49,88,8,12,0,0,48,0,36,36,,58.0
2022-12-04,33,11,24,21,31,0.0,0,87,11,11,0,31,61,0,48,44,,0.0
2022-12-05,38,13,15,27,37,0.0,38,69,9,12,0,35,48,0,61,56,,45.0
2022-12-06,39,12,20,22,34,0.0,39,73,10,14,0,0,39,0,76,58,,38.0
2022-12-07,39,14,17,20,35,0.0,28,70,30,14,0,34,47,0,84,60,,39.0
2022-12-08,40,15,24,20,35,0.0,33,72,59,14,0,60,45,0,78,68,,33.0
2022-12-09,37,12,16,20,30,0.0,33,75,61,13,56,39,59,0,64,53,,42.0
2022-12-10,31,11,22,20,28,0.0,36,89,92,11,0,0,60,0,44,38,,40.0
2022-12-11,34,11,24,19,30,0.0,55,90,92,12,0,0,43,0,52,43,,45.0
2022-12-12,37,12,18,18,34,98.0,37,76,57,14,0,0,48,0,72,63,,33.0
2022-12-13,43,15,18,33,41,0.0,38,69,53,14,0,36,57,0,62,62,,37.0
2022-12-14,40,15,23,27,41,0.0,49,65,50,15,0,0,75,0,71,64,,0.0
2022-12-15,39,13,18,24,37,0.0,0,58,36,14,0,40,62,0,64,62,,32.0
2022-12-16,41,14,22,21,39,0.0,0,50,25,16,79,29,57,0,79,54,,31.0
2022-12-17,37,13,17,22,36,0.0,34,62,33,13,0,0,53,0,47,40,,0.0
2022-12-18,33,11,21,19,29,0.0,46,80,69,11,0,29,47,0,36,35,,0.0
2022-12-19,38,13,16,21,35,0.0,45,61,50,13,0,41,50,0,69,57,,48.0
2022-12-20,37,13,23,23,35,0.0,68,70,52,14,100,31,70,0,86,65,,39.0
2022-12-21,39,13,17,17,34,0.0,36,74,63,13,0,0,52,0,100,65,,0.0
2022-12-22,40,13,23,17,33,0.0,37,78,70,13,43,0,45,0,65,56,,55.0
2022-12-23,36,12,17,18,32,0.0,0,88,80,12,0,0,43,0,75,52,,0.0
2022-12-24,33,11,22,19,28,0.0,0,100,85,10,0,0,48,0,52,38,,0.0
2022-12-25,34,12,24,18,29,0.0,41,97,100,11,0,59,65,0,47,39,,34.0
2022-12-26,36,12,25,17,31,0.0,33,88,77,11,0,30,56,0,47,54,,32.0
2022-12-27,36,12,23,19,32,0.0,50,89,96,11,0,39,70,0,73,61,,39.0
2022-12-28,35,12,27,20,32,0.0,35,84,81,12,0,44,56,47,76,56,,48.0
2022-12-29,36,11,21,26,32,0.0,58,88,90,12,0,0,55,0,68,66,,29.0
2022-12-30,37,11,25,23,29,0.0,0,83,78,11,43,33,59,0,74,54,,53.0
2022-12-31,33,10,21,17,27,0.0,0,89,96,10,0,0,48,0,42,36,,41.0
2023-01-01,36,11,30,22,28,0.0,38,100,97,11,0,0,47,0,44,46,,44.0
2023-01-02,36,13,23,21,31,0.0,37,90,82,12,0,34,59,0,64,60,,58.0
2023-01-03,36,12,27,20,32,0.0,45,78,68,13,0,39,56,42,70,61,,58.0
2023-01-04,37,16,17,27,33,0.0,62,86,74,13,0,31,57,0,84,61,,54.0
2023-01-05,36,12,17,24,31,0.0,42,84,73,14,0,0,62,0,85,67,,65.0
2023-01-06,36,12,22,20,30,0.0,0,66,45,13,0,31,67,0,80,67,,42.0
2023-01-07,32,11,18,18,29,0.0,43,47,8,12,0,34,66,0,51,46,,74.0
2023-01-08,30,10,28,19,28,0.0,54,47,18,12,0,51,47,0,46,47,,35.0
2023-01-09,38,14,19,28,37,0.0,59,44,16,16,0,48,66,0,69,78,,51.0
2023-01-10,36,14,21,22,32,0.0,33,44,10,15,0,46,63,0,82,68,,51.0
2023-01-11,35,13,26,75,35,0.0,0,43,11,14,0,48,46,0,87,71,,55.0
2023-01-12,46,18,28,100,50,0.0,44,44,13,18,0,52,44,0,87,70,,65.0
2023-01-13,46,15,28,56,48,0.0,54,44,13,17,0,49,72,0,71,65,,55.0
2023-01-14,58,21,23,55,67,0.0,47,55,19,19,0,66,81,48,46,52,,82.0
2023-01-15,46,17,26,38,47,87.0,43,50,18,15,0,55,55,0,50,46,,70.0
2023-01-16,51,20,25,40,53,0.0,58,51,20,18,0,41,82,0,76,63,,64.0
2023-01-17,50,19,19,45,47,0.0,33,49,16,17,0,61,60,0,77,69,,59.0
2023-01-18,46,18,17,36,49,0.0,35,42,13,17,39,71,63,40,86,73,,73.0
2023-01-19,44,16,27,30,41,0.0,43,39,11,14,0,59,61,57,81,68,,55.0
2023-01-20,46,17,24,35,46,0.0,37,48,14,16,46,60,70,0,74,63,,55.0
2023-01-21,52,19,29,39,58,0.0,36,52,15,17,0,52,61,49,57,50,,59.0
2023-01-22,47,17,25,33,49,0.0,59,51,20,16,0,52,64,84,54,53,,71.0
2023-01-23,48,18,19,32,47,0.0,32,44,16,15,0,54,73,0,70,72,,50.0
2023-01-24,46,18,21,33,44,0.0,42,44,10,16,0,47,63,0,79,59,,45.0
2023-01-25,43,17,28,29,43,0.0,29,40,12,15,0,37,56,0,82,63,,44.0
2023-01-26,45,15,21,34,43,0.0,0,48,16,16,45,46,60,0,67,65,,48.0
2023-01-27,41,15,25,42,42,0.0,43,44,13,15,0,57,79,0,76,68,,44.0
2023-01-28,37,12,26,51,36,0.0,0,47,15,14,0,39,63,0,52,46,,52.0
2023-01-29,41,16,20,43,41,0.0,56,44,22,15,0,84,85,0,47,47,,59.0
2023-01-30,44,16,20,37,45,0.0,0,41,15,15,0,55,59,0,80,63,,37.0
2023-01-31,41,14,19,30,40,0.0,30,42,10,14,0,0,71,0,91,69,,42.0
2023-02-01,42,14,18,40,44,0.0,0,39,11,15,0,63,47,0,81,65,,48.0
2023-02-02,47,18,18,57,51,0.0,41,45,15,16,0,66,65,0,93,79,,49.0
2023-02-03,41,15,16,36,43,0.0,44,42,15,15,0,46,49,0,89,100,,53.0
2023-02-04,37,13,18,37,38,0.0,39,42,10,14,0,37,57,0,52,64,,62.0
2023-02-05,38,13,21,46,36,0.0,0,44,18,13,0,55,61,0,60,58,,43.0
2023-02-06,38,13,21,24,37,0.0,0,38,8,14,0,68,47,0,82,72,,48.0
2023-02-07,37,13,23,37,36,0.0,34,40,9,15,0,47,65,54,87,79,,48.0
2023-02-08,38,13,26,31,35,0.0,37,41,12,15,0,77,49,0,86,79,,41.0
2023-02-09,39,13,19,23,39,0.0,36,42,9,15,0,70,53,0,86,67,,53.0
2023-02-10,39,14,28,23,39,0.0,46,39,12,16,0,51,47,0,82,68,,62.0
2023-02-11,34,11,20,23,34,0.0,56,45,10,14,0,65,41,0,56,51,,0.0
2023-02-12,33,12,23,19,32,0.0,58,42,11,12,0,55,47,0,53,48,,45.0
2023-02-13,36,12,17,23,36,0.0,0,32,9,14,0,77,39,0,78,61,,29.0
2023-02-14,37,12,17,20,36,0.0,0,33,10,14,0,50,55,0,71,62,,45.0
2023-02-15,40,13,23,27,43,0.0,0,43,12,15,0,61,71,0,69,60,,46.0
2023-02-16,50,18,23,31,54,0.0,61,49,11,18,0,64,73,0,67,66,,82.0
2023-02-17,43,14,19,25,43,0.0,0,39,13,15,0,68,59,0,69,62,,55.0
2023-02-18,38,13,25,23,41,0.0,44,40,8,14,0,0,50,0,49,47,,48.0
2023-02-19,39,13,31,23,37,0.0,43,40,16,14,0,65,59,46,53,50,,67.0
2023-02-20,40,14,20,33,40,0.0,46,38,11,16,0,56,68,0,73,62,,49.0
2023-02-21,40,14,20,29,41,0.0,38,42,13,16,0,52,62,0,73,67,,64.0
2023-02-22,39,13,19,26,39,0.0,52,35,8,15,0,44,58,0,74,64,,43.0
2023-02-23,37,12,19,22,43,0.0,28,41,12,15,0,70,51,0,67,71,,34.0
2023-02-24,37,12,22,23,37,0.0,31,39,10,14,0,59,50,0,74,64,,45.0
2023-02-25,35,11,27,20,35,0.0,38,35,10,13,0,61,52,0,48,37,,36.0
2023-02-26,33,11,31,20,33,0.0,0,41,10,13,0,46,55,0,60,48,,38.0
2023-02-27,36,11,25,24,35,78.0,45,40,10,15,0,59,48,0,69,63,,43.0
2023-02-28,36,12,28,22,33,0.0,38,40,8,15,0,56,44,0,85,65,,0.0
2023-03-01,33,12,22,22,35,75.0,35,36,13,15,41,42,35,0,77,65,,65.0
2023-03-02,36,11,35,18,32,0.0,30,38,10,14,0,26,61,0,74,64,,0.0
2023-03-03,40,11,24,22,42,0.0,29,39,7,15,0,60,74,0,79,62,,50.0
2023-03-04,35,11,27,19,34,0.0,0,43,12,13,0,48,53,0,48,47,,35.0
2023-03-05,32,10,23,19,30,0.0,0,38,12,12,0,43,66,0,60,47,,39.0
2023-03-06,34,11,21,17,33,0.0,60,34,9,15,0,41,45,0,75,63,,39.0
2023-03-07,33,11,17,18,33,0.0,0,35,10,13,0,39,54,0,70,58,,37.0
2023-03-08,35,10,22,22,32,0.0,40,37,8,13,0,34,49,0,73,68,,31.0
2023-03-09,41,11,16,27,39,0.0,43,39,8,15,0,33,53,0,86,67,,60.0
2023-03-10,49,14,24,26,53,0.0,0,42,11,17,0,60,52,0,89,62,,34.0
2023-03-11,41,12,23,26,44,0.0,59,39,8,16,0,48,56,0,48,40,,36.0
2023-03-12,42,12,24,24,39,0.0,49,40,12,14,0,66,55,0,48,40,,36.0
2023-03-13,59,19,20,29,67,0.0,31,43,10,18,0,80,67,0,76,60,,36.0
2023-03-14,64,20,25,30,73,0.0,0,47,8,20,0,58,83,49,82,66,,46.0
2023-03-15,53,16,21,22,55,0.0,34,40,10,16,0,73,57,0,89,68,,42.0
2023-03-16,49,13,25,24,45,0.0,31,42,10,16,41,41,86,0,95,72,,32.0
2023-03-17,54,18,23,30,64,0.0,0,48,17,18,0,39,69,0,82,69,,52.0
2023-03-18,52,17,25,27,62,0.0,59,48,11,16,0,59,85,0,55,48,,43.0
2023-03-19,56,17,22,27,64,0.0,32,51,12,15,0,75,76,0,52,51,,42.0
2023-03-20,67,19,23,24,67,0.0,55,55,13,18,0,63,77,59,78,74,,74.0
2023-03-21,57,18,24,21,60,0.0,34,53,16,17,47,55,71,0,80,75,,61.0
2023-03-22,57,17,21,27,63,0.0,43,47,14,16,0,48,79,43,73,75,,50.0
2023-03-23,54,17,27,28,56,0.0,43,49,12,18,0,52,74,0,85,67,,35.0
2023-03-24,54,15,18,23,54,0.0,0,47,11,16,39,45,61,0,73,60,,39.0
2023-03-25,44,12,23,18,42,0.0,0,41,9,15,0,55,59,0,39,50,,36.0
2023-03-26,43,13,24,26,42,0.0,53,50,12,15,0,29,58,0,46,45,,63.0
2023-03-27,50,14,19,23,48,0.0,33,46,11,16,0,59,81,0,69,59,,57.0
2023-03-28,48,14,24,19,47,0.0,32,43,10,16,41,39,67,0,83,69,,57.0
2023-03-29,49,14,21,23,49,0.0,33,42,10,17,0,46,61,0,77,66,,49.0
2023-03-30,45,14,26,22,52,0.0,47,48,9,16,0,52,51,0,76,62,,91.0
2023-03-31,47,13,16,20,43,0.0,44,46,11,16,0,48,66,0,70,62,,54.0
2023-04-01,41,12,19,21,41,0.0,55,45,7,14,0,36,55,0,50,48,,50.0
2023-04-02,40,11,27,18,40,0.0,55,46,17,14,0,45,55,0,50,47,,58.0
2023-04-03,45,12,17,17,44,0.0,52,44,10,15,0,42,62,0,75,69,,47.0
2023-04-04,45,15,27,18,47,0.0,53,49,13,16,0,52,66,0,67,62,,57.0
2023-04-05,42,19,33,23,48,0.0,43,46,15,18,0,31,100,0,86,70,,60.0
2023-04-06,43,15,21,22,41,0.0,45,49,11,16,0,45,63,0,82,63,,64.0
2023-04-07,41,15,28,21,38,0.0,53,46,9,15,0,41,45,0,51,51,,69.0
2023-04-08,38,12,19,18,37,0.0,35,45,11,13,0,58,58,0,34,37,,0.0
2023-04-09,36,12,44,17,35,0.0,61,46,17,13,0,51,45,0,48,53,,53.0
2023-04-10,44,15,55,18,44,0.0,49,45,8,15,0,32,72,0,69,61,,58.0
2023-04-11,60,20,27,29,66,0.0,45,57,14,20,0,73,82,0,68,72,,0.0
2023-04-12,52,21,31,22,56,0.0,48,47,12,22,0,37,51,60,75,66,,48.0
2023-04-13,47,25,23,29,48,0.0,50,49,13,25,0,51,54,55,82,72,,54.0
2023-04-14,51,28,32,26,52,0.0,49,52,17,26,0,47,79,56,67,64,,56.0
2023-04-15,44,20,35,26,43,0.0,40,43,11,17,0,35,74,0,54,47,,59.0
2023-04-16,41,18,20,27,38,0.0,56,44,18,16,0,47,62,0,49,50,,51.0
2023-04-17,46,19,21,37,46,78.0,40,46,15,17,0,62,66,0,72,70,,61.0
2023-04-18,46,19,22,33,44,0.0,29,44,13,18,0,27,76,0,78,69,,47.0
2023-04-19,45,18,45,26,44,0.0,30,42,15,20,0,73,79,0,80,69,,57.0
2023-04-20,45,16,22,22,43,0.0,34,40,11,17,0,58,60,0,73,63,,37.0
2023-04-21,45,15,50,23,42,0.0,45,40,11,16,0,52,52,0,73,60,,29.0
2023-04-22,40,13,24,23,38,0.0,52,42,14,15,0,42,67,0,42,40,,43.0
2023-04-23,40,12,55,18,37,0.0,0,47,18,13,0,37,60,0,39,38,,48.0
2023-04-24,44,13,25,20,40,0.0,44,41,10,15,0,41,55,43,65,58,,28.0
2023-04-25,41,13,54,24,39,0.0,30,40,12,15,0,43,50,40,75,69,,38.0
2023-04-26,47,15,25,26,49,0.0,0,45,13,15,0,46,53,0,84,66,,45.0
2023-04-27,40,14,51,16,43,0.0,35,43,10,15,0,50,63,0,72,62,,36.0
2023-04-28,41,13,26,21,40,0.0,40,43,8,17,0,0,56,0,65,69,,40.0
2023-04-29,36,11,70,21,34,0.0,44,39,14,12,0,59,50,0,48,48,,0.0
2023-04-30,36,11,42,16,35,0.0,50,46,15,13,0,46,63,43,41,45,,32.0
2023-05-01,40,13,100,23,40,0.0,51,50,13,15,0,50,65,0,65,67,,58.0
2023-05-02,40,13,20,23,39,0.0,32,43,14,16,0,37,62,0,76,63,,70.0
2023-05-03,41,12,15,26,41,0.0,48,47,13,15,0,38,42,39,87,65,,46.0
2023-05-04,39,11,13,24,38,0.0,32,43,14,15,0,60,51,0,80,63,,50.0
2023-05-05,40,13,13,25,36,0.0,39,42,19,17,0,52,61,65,73,63,,36.0
2023-05-06,36,11,12,22,35,0.0,51,43,17,16,0,41,48,0,48,42,,54.0
2023-05-07,36,11,11,20,34,0.0,67,43,18,15,0,55,58,0,43,41,,50.0
2023-05-08,43,11,11,23,45,0.0,34,41,16,16,0,61,60,43,74,70,,50.0
2023-05-09,40,12,11,18,38,0.0,66,37,10,14,0,57,48,43,81,66,,58.0
2023-05-10,41,11,12,20,39,0.0,41,44,12,15,0,52,44,0,75,68,,37.0
2023-05-11,47,48,38,11,39,0.0,34,48,58,57,0,26,39,0,68,66,9.0,
2023-05-12,46,48,36,11,40,0.0,0,45,51,67,0,30,59,0,54,55,10.0,
2023-05-13,40,41,37,9,35,0.0,40,44,46,47,0,32,30,0,46,41,0.0,
2023-05-14,36,40,33,7,31,0.0,66,42,90,45,0,37,36,0,36,48,0.0,
2023-05-15,40,48,37,10,34,0.0,39,52,42,60,0,38,53,0,72,70,4.0,
2023-05-16,41,45,38,10,33,0.0,0,47,51,54,0,18,31,0,55,51,8.0,
2023-05-17,40,44,33,11,34,0.0,50,54,63,52,0,33,44,0,65,65,6.0,
2023-05-18,40,40,35,10,35,0.0,55,54,48,48,0,42,45,0,70,70,0.0,
2023-05-19,41,42,37,9,32,0.0,45,58,49,45,0,35,41,0,65,64,8.0,
2023-05-20,35,37,36,8,30,0.0,49,58,49,44,0,43,41,0,47,42,8.0,
2023-05-21,37,39,37,9,30,0.0,59,57,51,47,0,21,35,0,50,41,6.0,
2023-05-22,40,42,34,12,34,0.0,0,55,46,52,0,34,43,0,66,62,0.0,
2023-05-23,41,44,38,11,32,0.0,51,52,70,52,0,25,51,0,69,76,5.0,
2023-05-24,39,45,33,11,34,0.0,0,48,21,48,0,38,31,0,56,63,8.0,
2023-05-25,40,43,38,10,36,0.0,36,48,33,50,49,34,48,0,63,61,7.0,
2023-05-26,40,43,35,12,31,0.0,0,49,24,46,0,30,50,0,66,66,5.0,
2023-05-27,35,35,35,9,30,0.0,40,54,55,44,0,28,32,0,42,49,6.0,
2023-05-28,37,41,36,11,31,0.0,0,51,45,46,0,40,49,0,41,43,6.0,
2023-05-29,39,43,31,11,34,0.0,39,44,42,48,0,25,50,61,55,54,6.0,
2023-05-30,40,48,35,11,33,0.0,41,50,47,57,0,30,34,0,63,74,5.0,
2023-05-31,40,43,32,11,34,0.0,42,51,50,51,0,26,36,0,59,71,8.0,
2023-06-01,41,42,33,12,34,0.0,0,48,47,58,0,46,31,0,70,74,8.0,
2023-06-02,40,43,35,10,33,0.0,0,48,60,59,0,34,45,0,62,64,7.0,
2023-06-03,36,41,46,10,28,0.0,42,48,40,45,0,0,33,67,44,41,0.0,
2023-06-04,35,44,42,12,31,0.0,40,53,68,48,0,39,40,0,53,48,0.0,
2023-06-05,47,46,34,12,39,0.0,35,46,38,53,0,37,43,0,68,66,29.0,
2023-06-06,49,49,35,11,44,0.0,0,49,44,53,0,41,47,0,63,70,14.0,
2023-06-07,43,46,34,12,37,0.0,32,46,30,52,0,26,45,0,66,77,8.0,
2023-06-08,41,42,35,10,34,0.0,41,47,46,49,0,31,40,0,73,70,6.0,
2023-06-09,40,43,36,13,33,0.0,37,54,70,46,0,37,48,0,70,65,5.0,
2023-06-10,43,44,39,19,41,0.0,0,50,52,48,0,69,44,0,44,49,100.0,
2023-06-11,43,45,34,14,33,0.0,0,55,51,44,0,40,41,0,50,49,26.0,
2023-06-12,43,45,34,11,37,0.0,68,50,33,51,0,37,39,0,60,73,11.0,
2023-06-13,40,46,43,12,34,0.0,0,48,52,50,0,20,35,0,70,79,9.0,
2023-06-14,42,43,38,12,34,0.0,64,53,55,49,0,35,48,72,70,74,12.0,
2023-06-15,45,48,38,13,41,0.0,50,58,79,55,0,44,41,0,72,72,14.0,
2023-06-16,42,46,36,11,36,0.0,0,53,65,48,0,27,41,67,63,78,8.0,
2023-06-17,39,42,35,9,33,0.0,0,55,56,44,0,35,32,0,46,50,10.0,
2023-06-18,39,40,32,9,31,0.0,45,54,54,44,0,22,42,0,49,53,0.0,
2023-06-19,40,43,33,10,34,0.0,35,49,40,45,0,24,40,0,67,63,6.0,
2023-06-20,44,43,33,12,40,0.0,0,51,26,51,62,31,53,0,64,66,6.0,
2023-06-21,58,53,32,17,59,0.0,30,61,58,61,0,51,61,77,84,82,5.0,
2023-06-22,57,55,34,14,51,0.0,0,58,54,57,0,26,61,61,77,79,7.0,
2023-06-23,54,55,31,14,48,0.0,48,57,42,54,0,41,48,0,65,68,0.0,
2023-06-24,49,49,37,10,44,0.0,60,54,57,45,0,26,51,0,65,55,0.0,
2023-06-25,47,47,39,12,40,0.0,73,58,69,47,0,25,44,0,40,54,6.0,
2023-06-26,49,48,39,12,41,0.0,31,49,59,51,0,21,42,0,69,73,0.0,
2023-06-27,45,45,43,12,39,0.0,0,58,41,48,0,44,51,0,64,72,7.0,
2023-06-28,47,44,43,11,39,0.0,58,58,47,50,0,38,62,0,56,66,6.0,
2023-06-29,46,45,43,9,38,0.0,0,56,46,52,0,39,47,0,53,65,0.0,
2023-06-30,50,52,37,17,40,0.0,40,60,59,53,0,25,51,0,77,67,7.0,
2023-07-01,42,46,47,13,36,0.0,0,57,44,46,0,29,47,0,38,49,5.0,
2023-07-02,44,44,44,12,34,0.0,0,57,36,46,0,33,43,0,44,50,0.0,
2023-07-03,46,56,40,13,41,0.0,34,55,66,56,0,21,42,0,73,75,5.0,
2023-07-04,46,50,35,13,40,0.0,42,57,45,56,0,44,36,0,66,67,6.0,
2023-07-05,44,45,34,11,38,0.0,42,52,61,51,0,27,51,0,80,76,0.0,
2023-07-06,47,43,33,10,41,0.0,33,59,39,54,0,28,50,0,72,73,0.0,
2023-07-07,42,44,32,10,39,0.0,0,57,44,52,0,25,46,0,82,69,10.0,
2023-07-08,40,40,36,16,31,0.0,0,55,46,41,0,0,58,0,47,49,0.0,
2023-07-09,41,42,37,16,32,0.0,70,54,83,44,0,46,24,0,49,49,6.0,
2023-07-10,45,43,39,14,38,0.0,0,61,31,51,0,36,46,0,72,73,13.0,
2023-07-11,44,44,34,10,36,0.0,0,58,37,49,0,26,52,0,69,71,0.0,
2023-07-12,45,45,36,12,40,0.0,0,53,44,52,0,36,51,0,78,78,0.0,
2023-07-13,48,55,34,16,44,0.0,57,61,48,56,0,68,56,0,85,83,9.0,
2023-07-14,52,60,38,22,46,0.0,52,58,68,61,0,59,60,0,71,79,11.0,
2023-07-15,42,45,40,13,37,0.0,40,58,42,45,0,34,49,0,57,64,0.0,
2023-07-16,42,43,36,14,34,0.0,76,61,63,45,0,37,51,0,51,54,10.0,
2023-07-17,44,45,38,11,38,0.0,39,54,37,54,0,22,35,0,77,86,8.0,
2023-07-18,43,45,40,13,37,0.0,44,52,39,52,0,27,52,0,89,84,0.0,
2023-07-19,43,42,34,12,35,0.0,45,59,59,54,0,54,52,0,77,81,9.0,
2023-07-20,45,47,36,12,36,0.0,0,68,53,50,0,47,46,0,77,78,6.0,
2023-07-21,42,44,36,11,34,0.0,0,72,58,49,0,45,33,76,70,74,0.0,
2023-07-22,37,44,36,12,29,0.0,48,63,67,41,0,51,37,0,49,59,9.0,
2023-07-23,39,45,35,11,31,0.0,85,79,67,45,0,49,50,0,61,67,7.0,
2023-07-24,44,44,35,11,35,0.0,0,63,43,46,0,37,43,0,73,69,6.0,
2023-07-25,42,48,33,12,34,0.0,76,69,59,50,0,37,41,0,85,76,0.0,
2023-07-26,42,38,38,10,34,0.0,0,66,55,47,0,36,59,0,85,85,7.0,
2023-07-27,41,43,32,10,33,0.0,51,68,44,47,0,33,44,0,83,87,5.0,
2023-07-28,41,41,33,10,32,0.0,71,66,47,56,0,29,42,0,83,84,0.0,
2023-07-29,38,37,36,7,30,0.0,0,60,44,44,0,0,43,0,49,58,0.0,
2023-07-30,37,44,31,10,29,0.0,64,69,73,44,0,47,49,94,48,54,0.0,
2023-07-31,40,40,35,11,31,0.0,44,62,34,48,0,36,46,0,81,85,6.0,
2023-08-01,40,40,32,11,32,0.0,49,60,42,56,0,29,56,0,81,87,7.0,
2023-08-02,42,41,33,10,34,0.0,61,59,62,49,49,35,53,0,84,85,5.0,
2023-08-03,40,38,32,9,31,0.0,0,56,55,47,0,26,45,0,72,71,0.0,
2023-08-04,41,43,33,10,30,0.0,36,54,34,47,0,29,47,0,88,81,6.0,
2023-08-05,38,35,35,8,29,0.0,0,54,42,41,0,37,50,0,40,48,0.0,
2023-08-06,38,35,34,9,31,0.0,0,57,49,44,0,38,36,0,45,53,0.0,
2023-08-07,39,42,30,9,32,0.0,48,52,36,56,0,27,41,0,74,88,6.0,
2023-08-08,42,43,33,9,35,0.0,51,49,44,48,0,37,43,0,82,68,5.0,
2023-08-09,42,42,33,7,35,0.0,38,54,63,50,0,35,47,0,81,73,13.0,
2023-08-10,42,42,32,9,34,0.0,0,54,53,51,0,33,42,0,79,74,0.0,
2023-08-11,40,37,32,8,43,0.0,0,51,31,46,0,21,59,0,83,74,0.0,
2023-08-12,37,33,35,6,35,0.0,0,53,33,43,0,27,35,0,42,48,0.0,
2023-08-13,37,38,35,9,32,0.0,49,55,68,41,0,0,46,0,47,64,8.0,
2023-08-14,40,38,33,6,35,0.0,38,53,69,48,0,29,35,90,76,82,0.0,
2023-08-15,40,37,33,7,34,0.0,0,51,41,49,0,0,49,0,74,69,7.0,
2023-08-16,41,36,36,11,38,0.0,0,48,26,47,0,42,35,0,98,89,16.0,
2023-08-17,51,50,33,12,51,0.0,0,58,35,56,0,40,50,0,100,83,39.0,
2023-08-18,68,50,33,12,61,0.0,42,61,68,65,0,37,85,0,74,75,50.0,
2023-08-19,51,44,34,10,44,0.0,0,63,46,49,0,29,54,0,56,53,12.0,
2023-08-20,42,38,35,9,38,0.0,64,100,63,47,0,41,65,0,50,54,6.0,
2023-08-21,46,43,33,10,42,0.0,0,73,34,59,0,26,56,0,74,79,7.0,
2023-08-22,46,39,34,17,39,0.0,56,73,49,54,0,0,42,0,78,76,15.0,
2023-08-23,44,42,32,13,39,0.0,36,75,34,55,0,39,47,0,79,79,9.0,
2023-08-24,43,40,33,9,38,0.0,42,73,44,48,0,0,47,0,83,81,8.0,
2023-08-25,43,36,37,12,35,0.0,38,78,33,46,0,26,36,0,91,89,7.0,
2023-08-26,37,34,34,11,30,0.0,0,76,41,40,0,34,40,0,38,50,8.0,
2023-08-27,38,35,34,12,31,0.0,73,82,59,42,0,24,51,0,52,54,0.0,
2023-08-28,39,38,36,10,34,0.0,42,72,41,47,0,32,42,0,67,72,0.0,
2023-08-29,50,43,35,14,44,0.0,0,72,38,55,0,19,59,0,82,77,5.0,
2023-08-30,47,36,33,10,39,0.0,46,76,37,48,0,29,48,0,78,80,0.0,
2023-08-31,43,41,33,10,35,0.0,0,81,42,50,0,21,50,0,71,81,7.0,
2023-09-01,43,38,32,10,37,0.0,0,82,34,49,0,22,48,0,79,75,10.0,
2023-09-02,38,34,34,9,30,0.0,0,78,40,39,0,28,40,0,58,53,0.0,
2023-09-03,36,33,39,8,30,0.0,47,80,67,39,0,0,47,0,49,52,7.0,
2023-09-04,39,37,33,11,31,0.0,0,76,52,46,0,29,50,0,65,69,6.0,
2023-09-05,39,37,30,8,30,0.0,0,75,44,46,0,52,42,0,75,77,0.0,
2023-09-06,39,38,34,9,31,0.0,44,70,36,45,0,22,40,0,73,74,0.0,
2023-09-07,39,38,34,7,29,0.0,0,71,35,47,0,42,46,0,80,87,5.0,
2023-09-08,39,32,33,8,32,0.0,0,80,50,44,55,24,44,0,85,80,5.0,
2023-09-09,36,29,34,5,26,0.0,0,82,40,35,0,0,36,0,44,50,0.0,
2023-09-10,36,29,33,11,28,0.0,60,79,45,38,0,31,51,0,53,55,8.0,
2023-09-11,39,38,32,9,33,0.0,42,71,53,50,0,33,42,0,76,78,9.0,
2023-09-12,41,38,35,8,35,0.0,32,67,48,49,82,42,37,0,88,84,6.0,
2023-09-13,38,36,37,10,33,0.0,48,70,0,49,0,29,50,0,86,85,11.0,
2023-09-14,37,38,34,9,32,0.0,0,42,25,50,0,34,42,0,86,83,0.0,
2023-09-15,36,38,31,8,32,0.0,36,40,44,46,0,27,38,0,70,68,7.0,
2023-09-16,35,33,34,6,28,0.0,0,44,43,42,0,35,48,0,53,52,0.0,
2023-09-17,33,30,38,8,28,0.0,48,43,57,42,0,0,41,0,53,51,9.0,
2023-09-18,39,38,36,10,35,0.0,0,37,30,53,0,35,42,0,74,70,0.0,
2023-09-19,37,36,36,8,35,0.0,0,41,40,51,0,31,39,0,60,62,5.0,
2023-09-20,38,38,35,10,34,0.0,0,43,29,52,0,34,29,0,79,75,5.0,
2023-09-21,37,36,37,12,32,0.0,0,44,27,54,0,0,36,0,73,67,6.0,
2023-09-22,35,34,37,10,30,0.0,0,39,52,49,0,27,47,0,75,72,0.0,
2023-09-23,33,32,37,9,25,0.0,0,46,53,42,0,46,40,0,55,45,0.0,
2023-09-24,31,29,45,8,25,0.0,36,43,27,43,0,39,33,0,46,52,0.0,
2023-09-25,38,36,41,8,30,0.0,0,39,42,48,0,0,34,0,76,81,5.0,
2023-09-26,35,35,43,8,29,0.0,53,42,38,48,0,42,31,0,72,79,0.0,
2023-09-27,35,35,37,9,29,0.0,0,44,0,50,61,19,35,0,76,76,7.0,
2023-09-28,36,41,39,8,32,0.0,36,43,35,48,0,27,52,0,84,77,0.0,
2023-09-29,35,38,42,8,30,0.0,0,41,27,47,0,26,40,0,75,77,0.0,
2023-09-30,33,34,35,9,28,0.0,0,48,42,41,0,38,26,0,47,51,6.0,
2023-10-01,35,37,45,9,30,0.0,50,45,47,43,0,0,41,0,44,50,0.0,
2023-10-02,44,45,43,12,40,0.0,35,42,44,56,0,45,50,0,70,70,5.0,
2023-10-03,38,36,39,14,34,0.0,32,51,31,46,0,22,47,0,90,83,5.0,
2023-10-04,36,35,43,20,31,0.0,0,43,39,47,0,0,29,0,85,79,5.0,
2023-10-05,35,30,42,17,32,0.0,39,44,23,51,0,39,47,0,76,75,0.0,
2023-10-06,35,36,45,21,31,0.0,33,41,0,46,56,27,42,0,66,69,6.0,
2023-10-07,34,31,41,22,30,0.0,0,39,45,38,0,28,41,0,41,45,5.0,
2023-10-08,34,30,42,13,39,0.0,49,40,55,38,0,26,38,0,42,49,0.0,
2023-10-09,38,40,42,13,35,0.0,0,39,23,46,0,24,34,0,64,66,7.0,
2023-10-10,36,35,46,10,30,0.0,36,35,25,42,0,42,35,0,65,73,5.0,
2023-10-11,37,35,57,11,31,0.0,0,40,47,44,0,0,45,0,63,74,6.0,
2023-10-12,36,37,92,11,31,0.0,0,41,26,46,0,32,42,0,73,69,6.0,
2023-10-13,34,38,46,8,31,0.0,0,38,34,44,0,29,30,0,61,65,7.0,
2023-10-14,33,31,49,9,27,0.0,38,43,44,35,0,23,35,0,36,39,8.0,
2023-10-15,33,31,82,8,27,0.0,50,41,42,38,0,25,27,0,41,39,0.0,
2023-10-16,46,41,44,11,44,0.0,47,44,42,50,0,42,48,0,64,67,5.0,
2023-10-17,43,36,49,9,37,0.0,0,43,45,50,0,25,42,0,69,70,0.0,
2023-10-18,41,37,81,9,35,0.0,47,44,43,47,0,25,37,0,61,75,7.0,
2023-10-19,40,34,52,9,34,0.0,0,49,0,45,0,26,34,0,66,62,0.0,
2023-10-20,48,38,81,10,46,0.0,34,47,55,49,0,38,44,0,67,63,0.0,
2023-10-21,42,35,55,11,39,0.0,0,48,44,40,0,39,72,0,42,45,6.0,
2023-10-22,41,35,90,10,37,0.0,0,40,33,40,0,33,54,0,43,50,0.0,
2023-10-23,57,49,48,14,60,0.0,0,50,33,62,0,43,54,0,64,70,9.0,
2023-10-24,100,81,55,22,100,0.0,41,69,89,83,0,58,79,0,64,64,7.0,
2023-10-25,68,59,82,14,65,0.0,42,52,43,63,0,34,66,0,69,72,8.0,
2023-10-26,61,57,62,16,58,0.0,39,53,32,60,0,45,63,0,74,70,7.0,
2023-10-27,53,45,69,12,48,0.0,0,48,42,52,0,36,40,0,62,67,6.0,
2023-10-28,48,42,45,11,41,0.0,36,41,26,43,0,24,48,0,39,47,0.0,
2023-10-29,44,44,73,13,40,0.0,0,45,47,45,0,30,60,0,35,43,0.0,
2023-10-30,50,44,44,14,46,0.0,0,41,61,52,0,39,55,0,66,56,0.0,
2023-10-31,48,47,47,14,43,0.0,0,48,49,55,0,39,39,0,78,74,8.0,
2023-11-01,50,46,52,18,42,0.0,42,48,36,51,48,50,49,0,80,65,0.0,
2023-11-02,57,44,81,19,51,0.0,0,53,42,61,54,54,62,0,77,71,6.0,
2023-11-03,52,52,49,13,45,0.0,0,47,76,51,56,47,56,0,69,77,7.0,
2023-11-04,45,42,53,14,36,0.0,0,45,43,46,0,36,47,0,41,48,0.0,
2023-11-05,46,45,82,17,41,0.0,44,49,41,48,0,49,48,0,39,47,6.0,
2023-11-06,46,48,45,16,43,0.0,0,46,60,54,0,56,59,0,72,82,6.0,
2023-11-07,47,46,52,15,43,0.0,62,47,50,55,0,54,45,0,71,82,7.0,
2023-11-08,48,46,87,15,41,0.0,32,45,41,56,0,48,51,0,55,67,9.0,
2023-11-09,65,90,51,22,70,0.0,0,57,91,95,0,58,69,72,67,75,10.0,
2023-11-10,63,100,80,27,55,0.0,0,62,73,95,0,69,61,78,65,72,6.0,
2023-11-11,52,66,59,36,45,0.0,0,53,52,67,0,57,49,0,41,53,6.0,
2023-11-12,49,55,90,62,40,0.0,0,47,49,58,0,55,50,0,41,50,6.0,
2023-11-13,51,63,65,35,46,0.0,0,49,50,66,0,46,61,0,72,77,7.0,
2023-11-14,53,62,89,28,46,0.0,78,52,71,66,0,36,54,62,85,71,8.0,
2023-11-15,53,59,62,48,47,0.0,0,50,34,64,0,62,49,0,70,74,5.0,
2023-11-16,54,58,85,68,48,0.0,0,49,50,59,0,53,44,0,66,75,6.0,
2023-11-17,48,51,53,51,45,0.0,0,49,50,57,0,50,35,0,61,64,0.0,
2023-11-18,44,51,63,41,37,0.0,0,43,49,51,0,45,38,0,42,50,0.0,
2023-11-19,42,44,78,35,36,0.0,0,47,39,50,0,30,32,0,44,63,0.0,
2023-11-20,49,55,56,34,47,0.0,36,44,32,62,0,46,53,0,72,93,7.0,
2023-11-21,48,53,76,36,48,0.0,0,45,35,61,0,40,51,0,65,76,9.0,
2023-11-22,50,56,53,32,44,0.0,39,44,25,65,0,35,42,0,70,80,8.0,
2023-11-23,46,50,79,25,42,0.0,0,41,40,61,0,49,36,0,61,70,6.0,
2023-11-24,48,49,61,27,45,0.0,40,41,53,61,0,39,57,0,57,70,0.0,
2023-11-25,43,47,100,24,37,0.0,0,46,61,51,0,44,54,0,33,52,0.0,
2023-11-26,43,45,95,21,37,0.0,0,45,44,51,0,30,57,0,39,47,8.0,
2023-11-27,43,46,61,19,38,0.0,35,44,49,56,0,54,36,0,58,70,8.0,
2023-11-28,45,51,79,20,41,0.0,0,45,45,62,0,54,54,0,71,78,6.0,
2023-11-29,44,49,53,19,43,0.0,33,46,43,54,0,38,40,0,68,81,8.0,
2023-11-30,43,43,59,20,39,0.0,59,45,37,59,49,48,51,0,73,79,6.0,
2023-12-01,48,53,73,24,46,0.0,0,46,61,61,0,38,55,69,56,80,5.0,
2023-12-02,51,55,59,23,47,0.0,0,49,37,64,0,47,52,0,49,52,8.0,
2023-12-03,50,58,82,22,51,0.0,0,46,60,63,0,61,52,0,45,56,7.0,
2023-12-04,87,99,75,31,91,0.0,45,66,78,100,0,76,90,88,71,84,7.0,
2023-12-05,83,93,54,30,85,0.0,33,77,60,88,0,45,92,0,76,88,5.0,
2023-12-06,80,93,70,50,79,0.0,42,64,54,83,0,53,92,0,86,100,8.0,
2023-12-07,68,84,55,35,66,0.0,48,64,50,76,0,63,77,0,71,91,7.0,
2023-12-08,67,96,73,58,62,0.0,35,56,45,88,0,60,64,0,83,86,6.0,
2023-12-09,60,76,67,81,54,0.0,48,60,84,72,0,100,64,0,51,61,5.0,
2023-12-10,54,69,83,74,46,0.0,78,55,61,64,0,54,48,0,50,63,0.0,
2023-12-11,68,75,66,78,66,0.0,43,55,62,70,0,83,64,0,79,77,25.0,
2023-12-12,57,62,88,100,53,0.0,47,53,44,60,58,83,45,0,92,86,8.0,
2023-12-13,55,64,61,64,53,0.0,44,52,55,60,0,55,51,0,86,90,0.0,
2023-12-14,58,65,86,61,53,0.0,35,50,60,70,0,70,59,100,77,92,0.0,
2023-12-15,52,56,57,61,49,0.0,35,50,72,67,0,64,47,0,65,83,0.0,
2023-12-16,48,53,72,79,45,0.0,0,46,40,57,0,62,51,0,50,67,0.0,
2023-12-17,48,52,86,63,43,0.0,52,52,41,57,0,62,45,0,50,58,0.0,
2023-12-18,54,53,76,61,51,0.0,0,52,57,62,0,64,64,76,74,80,7.0,
2023-12-19,54,55,56,53,50,0.0,0,56,50,71,53,74,52,0,76,91,7.0,
2023-12-20,58,60,80,61,54,0.0,35,58,79,67,0,81,49,0,88,85,7.0,
2023-12-21,56,58,58,64,55,0.0,63,51,68,67,0,65,45,0,93,83,6.0,
2023-12-22,56,65,84,63,52,0.0,59,52,65,71,0,53,53,79,69,79,0.0,
2023-12-23,52,59,62,49,46,0.0,40,47,59,58,0,80,49,0,57,57,0.0,
2023-12-24,51,57,82,58,45,0.0,66,47,43,62,0,86,65,0,40,49,7.0,
2023-12-25,49,57,52,50,48,0.0,100,48,79,63,0,87,51,0,51,54,0.0,
2023-12-26,56,54,53,46,51,0.0,41,50,60,61,62,71,56,0,75,87,8.0,
2023-12-27,55,65,56,44,50,0.0,53,52,75,72,0,53,48,0,83,82,10.0,
2023-12-28,55,74,91,48,48,0.0,45,62,58,71,0,56,70,0,70,81,14.0,
2023-12-29,56,62,97,38,49,0.0,43,55,45,66,0,70,75,78,86,98,6.0,
2023-12-30,47,54,97,38,44,0.0,0,56,54,49,78,65,70,0,38,53,10.0,
2023-12-31,43,51,76,32,40,0.0,0,49,59,53,0,62,48,89,47,51,0.0,
2024-01-01,51,58,83,42,45,0.0,76,48,40,57,0,69,47,0,61,72,0.0,
2024-01-02,80,91,65,45,77,0.0,67,73,68,74,0,67,100,0,77,90,10.0,
2024-01-03,87,74,78,40,76,0.0,55,68,80,70,0,88,77,0,91,85,74.0,
2024-01-04,71,63,61,35,63,0.0,45,61,100,61,0,72,68,0,89,90,20.0,
2024-01-05,68,55,85,33,62,0.0,0,66,36,66,100,60,57,0,84,85,8.0,
2024-01-06,59,46,90,33,52,0.0,46,59,61,55,0,73,70,0,51,59,10.0,
2024-01-07,35,22,20,42,27,0.0,0,35,38,20,0,27,14,0,37,46,3.0,
2024-01-08,47,25,17,56,44,0.0,47,39,25,23,0,25,32,0,67,65,4.0,
2024-01-09,56,28,24,50,51,0.0,45,44,23,22,0,28,33,0,64,80,2.0,
2024-01-10,79,39,46,49,63,0.0,0,53,51,34,0,32,37,0,73,75,2.0,
2024-01-11,91,58,72,63,70,0.0,56,100,55,45,0,50,49,65,69,78,2.0,
2024-01-12,56,46,31,46,47,0.0,0,55,40,34,0,32,30,41,57,72,3.0,
2024-01-13,44,32,26,36,35,0.0,0,43,31,22,0,26,24,0,45,49,0.0,
2024-01-14,37,27,32,37,27,0.0,0,39,35,20,0,19,21,0,49,46,2.0,
2024-01-15,39,28,24,39,29,0.0,59,35,31,22,0,25,18,0,53,61,0.0,
2024-01-16,36,28,26,39,31,0.0,0,33,27,22,0,24,18,0,65,73,1.0,
2024-01-17,33,25,27,32,27,0.0,0,31,25,22,0,27,20,0,76,71,0.0,
2024-01-18,34,24,18,36,28,0.0,38,31,30,22,0,20,14,37,75,72,3.0,
2024-01-19,33,24,26,35,29,0.0,0,35,28,21,0,25,23,0,68,68,2.0,
2024-01-20,28,19,24,30,24,0.0,34,31,19,18,0,25,20,30,59,56,0.0,
2024-01-21,27,20,19,30,21,0.0,51,30,29,18,0,27,19,0,41,50,0.0,
2024-01-22,34,21,17,38,29,0.0,0,32,22,21,0,22,23,0,62,62,3.0,
2024-01-23,38,26,16,45,34,0.0,0,33,16,21,0,32,22,0,77,67,6.0,
2024-01-24,32,21,18,38,28,0.0,0,30,17,20,0,31,22,0,73,78,1.0,
2024-01-25,30,20,25,31,24,0.0,38,30,26,20,0,28,22,0,61,68,2.0,
2024-01-26,30,19,20,34,29,0.0,44,28,25,21,0,29,23,0,58,56,0.0,
2024-01-27,25,17,28,29,24,0.0,45,28,24,18,0,20,19,0,48,47,0.0,
2024-01-28,25,18,17,39,21,0.0,57,28,28,18,0,23,20,0,51,54,0.0,
2024-01-29,27,19,15,34,26,0.0,0,31,24,20,0,21,18,0,64,71,0.0,
2024-01-30,29,22,15,37,26,0.0,0,35,13,22,0,27,15,0,73,75,0.0,
2024-01-31,27,19,13,28,25,0.0,0,28,19,23,0,17,24,0,76,76,0.0,
2024-02-01,25,19,14,25,23,0.0,0,27,0,19,0,21,23,0,64,71,2.0,
2024-02-02,26,18,14,34,22,0.0,59,30,19,18,0,32,16,0,64,75,0.0,
2024-02-03,23,15,15,25,21,0.0,0,27,20,18,0,19,23,0,43,50,0.0,
2024-02-04,22,16,15,26,19,0.0,64,29,25,19,0,28,20,0,57,49,0.0,
2024-02-05,24,20,18,28,23,0.0,0,27,22,19,0,21,18,0,65,69,0.0,
2024-02-06,24,19,27,23,21,0.0,0,28,32,22,0,25,13,0,74,69,2.0,
2024-02-07,25,20,23,30,22,0.0,0,27,29,25,0,22,15,0,75,79,2.0,
2024-02-08,30,21,18,30,28,0.0,37,32,26,24,0,23,23,0,75,73,0.0,
2024-02-09,36,25,21,36,36,0.0,0,34,28,28,0,17,34,0,78,72,1.0,
2024-02-10,29,21,19,37,29,0.0,0,30,33,22,0,24,29,0,46,47,0.0,
2024-02-11,31,23,20,42,30,0.0,66,31,38,23,0,26,30,0,45,48,2.0,
2024-02-12,41,26,16,36,41,0.0,0,31,32,26,0,27,32,0,78,69,0.0,
2024-02-13,44,30,18,39,43,0.0,42,41,34,28,0,21,30,0,87,84,0.0,
2024-02-14,45,35,22,46,44,0.0,35,39,24,30,0,28,34,49,77,80,2.0,
2024-02-15,46,38,17,45,44,0.0,0,46,44,31,0,25,44,0,86,83,2.0,
2024-02-16,39,31,22,38,35,0.0,55,38,33,28,0,36,31,46,71,83,0.0,
2024-02-17,32,22,18,28,30,0.0,45,35,32,22,0,25,28,42,46,55,2.0,
2024-02-18,32,23,22,37,28,0.0,53,32,44,23,0,42,24,0,49,55,2.0,
2024-02-19,34,36,21,39,32,0.0,48,34,36,34,0,23,31,32,58,67,0.0,
2024-02-20,34,37,17,32,32,0.0,33,35,40,36,0,34,23,0,67,78,3.0,
2024-02-21,32,31,23,35,31,0.0,41,36,39,30,0,35,27,37,80,73,0.0,
2024-02-22,31,32,19,33,29,0.0,42,33,39,30,0,25,27,39,74,80,2.0,
2024-02-23,30,26,24,39,27,0.0,0,32,30,27,0,33,27,0,74,70,2.0,
2024-02-24,27,25,20,31,25,0.0,0,35,32,25,0,33,28,0,50,50,2.0,
2024-02-25,27,30,40,29,25,0.0,50,31,36,27,0,34,23,36,40,51,0.0,
2024-02-26,36,41,26,32,37,0.0,0,35,48,39,0,35,33,49,72,74,0.0,
2024-02-27,61,54,21,42,60,0.0,45,49,68,46,0,53,56,61,71,84,2.0,
2024-02-28,93,66,25,54,95,0.0,66,78,83,59,0,71,98,79,90,85,7.0,
2024-02-29,83,63,19,55,79,0.0,83,76,67,56,0,58,87,54,82,81,5.0,
2024-03-01,59,49,25,44,53,0.0,97,59,56,45,0,56,50,41,82,86,2.0,
2024-03-02,49,42,24,48,44,0.0,75,55,79,33,0,62,47,60,53,70,3.0,
2024-03-03,48,38,24,46,42,0.0,54,56,51,36,0,61,45,37,50,59,3.0,
2024-03-04,85,61,20,62,87,0.0,70,75,96,55,0,78,92,52,77,92,5.0,
2024-03-05,100,73,26,66,100,0.0,100,83,100,64,0,100,100,100,94,100,18.0,
2024-03-06,76,66,22,53,70,0.0,71,65,89,58,0,82,79,64,88,86,5.0,
2024-03-07,60,56,33,50,55,0.0,58,57,81,46,0,75,56,34,71,83,4.0,
2024-03-08,62,61,22,50,64,0.0,85,57,63,52,0,62,59,57,62,74,3.0,
2024-03-09,55,49,31,48,47,0.0,58,51,71,39,0,82,40,63,53,62,4.0,
2024-03-10,54,51,20,47,50,0.0,54,56,78,39,0,72,49,80,53,67,4.0,
2024-03-11,82,70,19,66,77,0.0,0,73,77,55,0,91,85,78,87,84,5.0,
2024-03-12,69,60,22,100,65,0.0,77,65,80,51,0,70,68,57,85,78,4.0,
2024-03-13,68,64,26,82,61,0.0,55,65,77,54,0,85,52,69,87,85,4.0,
2024-03-14,61,52,28,70,55,0.0,72,57,77,44,0,57,55,44,84,83,5.0,
2024-03-15,68,49,19,73,64,0.0,47,50,50,41,0,90,61,0,80,85,7.0,
2024-03-16,52,37,20,80,50,0.0,46,48,63,32,0,85,44,53,45,57,7.0,
2024-03-17,49,40,26,60,50,0.0,75,47,48,31,0,87,40,41,59,58,6.0,
2024-03-18,52,41,18,97,46,0.0,63,44,42,38,100,59,35,36,78,76,4.0,
2024-03-19,66,46,19,71,62,0.0,47,46,44,42,0,97,47,44,79,72,13.0,
2024-03-20,65,49,25,63,54,0.0,34,45,62,45,0,68,35,0,87,79,6.0,
2024-03-21,50,40,16,53,45,0.0,48,41,36,35,0,68,32,36,86,85,2.0,
2024-03-22,46,34,18,47,42,0.0,56,38,35,29,0,48,33,37,70,70,3.0,
2024-03-23,40,28,27,40,36,0.0,39,38,36,27,0,57,28,0,47,49,0.0,
2024-03-24,40,28,31,40,34,0.0,52,38,43,26,0,59,27,0,52,54,0.0,
2024-03-25,52,39,17,52,45,0.0,76,46,50,34,0,59,40,40,60,63,2.0,
2024-03-26,49,36,18,47,42,0.0,38,44,50,32,0,58,37,0,63,76,2.0,
2024-03-27,46,34,28,46,41,0.0,58,45,41,32,0,62,36,0,78,74,2.0,
2024-03-28,46,33,18,47,40,0.0,72,46,56,32,0,67,35,0,60,79,0.0,
2024-03-29,44,28,28,42,37,0.0,39,47,43,28,0,67,27,42,52,64,3.0,
2024-03-30,38,24,21,36,32,0.0,0,40,42,27,0,58,28,0,41,49,0.0,
2024-03-31,39,25,24,39,32,0.0,0,43,51,26,0,47,28,0,45,49,0.0,
2024-04-01,42,29,21,39,37,0.0,36,37,44,25,0,51,28,0,64,70,3.0,
2024-04-02,52,30,24,42,45,0.0,39,43,47,26,0,61,35,0,80,73,5.0,
2024-04-03,43,27,17,34,38,0.0,44,37,35,25,0,42,31,39,73,74,3.0,
2024-04-04,42,25,19,29,37,0.0,46,37,39,26,0,50,26,0,69,72,0.0,
2024-04-05,40,24,24,32,35,0.0,37,35,25,25,0,41,25,0,76,78,3.0,
2024-04-06,33,21,27,31,29,0.0,0,35,27,23,0,47,26,0,44,51,3.0,
2024-04-07,34,21,19,29,32,0.0,47,36,45,22,0,55,30,0,44,52,0.0,
2024-04-08,46,33,25,36,41,0.0,48,38,39,31,0,46,33,0,56,68,0.0,
2024-04-09,42,27,16,31,37,0.0,40,35,41,27,0,36,22,0,73,67,2.0,
2024-04-10,41,27,24,28,37,0.0,51,33,42,25,0,42,35,0,72,72,2.0,
2024-04-11,42,25,16,29,36,0.0,0,38,26,25,0,41,33,0,57,63,2.0,
2024-04-12,44,26,16,34,44,0.0,0,44,36,26,0,48,31,0,64,63,16.0,
2024-04-13,50,28,27,43,52,0.0,0,42,35,28,0,68,33,0,54,53,43.0,
2024-04-14,56,27,31,41,52,0.0,55,44,48,31,0,47,26,49,51,51,22.0,
2024-04-15,53,28,18,36,47,0.0,63,39,29,28,0,63,36,0,73,61,5.0,
2024-04-16,50,26,14,31,44,0.0,44,39,36,26,0,45,25,0,65,67,5.0,
2024-04-17,48,24,15,28,47,0.0,46,39,34,25,0,53,26,0,63,63,3.0,
2024-04-18,53,24,18,25,46,0.0,0,41,24,26,0,41,31,0,82,72,2.0,
2024-04-19,78,24,30,30,65,0.0,58,53,29,26,0,46,42,0,66,64,3.0,
2024-04-20,72,23,18,30,58,0.0,0,48,24,23,0,41,28,0,43,48,2.0,
2024-04-21,42,23,30,25,37,0.0,42,32,27,23,0,39,24,35,42,51,2.0,
2024-04-22,44,24,37,26,40,0.0,0,33,33,23,0,54,17,0,72,65,2.0,
2024-04-23,37,20,22,22,34,0.0,0,36,34,23,0,49,27,0,68,63,2.0,
2024-04-24,37,23,43,25,33,0.0,0,31,22,22,0,49,23,0,61,68,3.0,
2024-04-25,34,20,19,28,33,0.0,42,33,27,22,0,50,26,31,69,66,2.0,
2024-04-26,32,20,23,20,28,0.0,0,30,27,21,0,38,18,0,53,58,2.0,
2024-04-27,29,19,49,18,28,0.0,0,28,23,20,0,29,21,0,46,35,2.0,
2024-04-28,28,21,54,22,26,0.0,0,30,31,22,0,42,19,0,51,43,0.0,
2024-04-29,32,20,23,24,31,0.0,0,27,19,22,0,29,18,0,67,64,2.0,
2024-04-30,38,22,26,23,37,0.0,0,30,26,25,0,43,21,0,67,64,4.0,
2024-05-01,45,24,58,22,46,0.0,0,32,30,24,0,54,24,0,73,58,6.0,
2024-05-02,38,20,19,18,35,0.0,0,27,18,25,0,36,21,0,69,64,2.0,
2024-05-03,36,20,17,21,35,0.0,46,29,31,21,0,56,14,0,71,71,0.0,
2024-05-04,32,19,19,21,30,0.0,0,27,29,21,0,38,14,0,35,44,0.0,
2024-05-05,29,17,21,20,28,0.0,0,25,17,19,0,42,17,0,44,44,0.0,
2024-05-06,32,18,22,21,32,0.0,0,26,17,22,0,35,17,0,63,56,0.0,
2024-05-07,31,19,23,20,27,0.0,0,22,27,22,0,44,16,0,70,60,2.0,
2024-05-08,30,18,61,19,27,0.0,35,24,22,21,98,38,13,0,62,61,1.0,
2024-05-09,27,16,27,19,26,0.0,0,23,19,19,0,36,20,0,69,58,0.0,
2024-05-10,29,19,60,18,29,0.0,40,28,18,20,0,35,16,0,65,69,0.0,
2024-05-11,26,16,28,17,23,0.0,0,25,22,17,0,31,19,0,37,47,0.0,
2024-05-12,25,16,59,16,23,0.0,0,24,24,17,0,32,21,0,38,39,0.0,
2024-05-13,29,18,27,21,27,0.0,0,24,0,22,0,37,23,0,66,65,2.0,
2024-05-14,29,17,74,20,26,0.0,0,25,19,21,0,38,12,0,65,68,0.0,
2024-05-15,30,19,28,22,30,0.0,0,29,25,23,0,40,20,0,56,67,0.0,
2024-05-16,32,20,58,20,31,0.0,0,27,23,21,0,45,21,0,64,70,0.0,
2024-05-17,30,21,28,23,28,0.0,0,27,26,23,0,37,23,0,60,72,1.0,
2024-05-18,27,19,100,21,25,0.0,0,25,31,19,0,39,14,0,37,45,0.0,
2024-05-19,26,17,17,19,24,0.0,0,25,19,17,0,40,21,0,38,44,0.0,
2024-05-20,32,34,13,25,33,0.0,0,24,39,32,0,60,23,0,56,65,0.0,
2024-05-21,41,70,12,34,42,0.0,45,29,59,61,0,60,23,51,70,76,2.0,
2024-05-22,33,49,10,26,32,0.0,0,31,48,48,0,48,21,0,69,68,1.0,
2024-05-23,32,100,12,29,31,0.0,0,40,52,100,0,38,46,61,74,74,2.0,
2024-05-24,31,58,10,24,28,0.0,0,28,53,55,0,41,20,32,64,61,0.0,
2024-05-25,25,30,11,17,25,0.0,0,24,31,27,0,41,13,0,35,47,2.0,
2024-05-26,26,31,10,19,23,0.0,50,30,35,27,0,47,24,0,34,42,0.0,
2024-05-27,29,41,10,25,27,0.0,0,26,38,38,0,40,17,46,63,64,2.0,
2024-05-28,29,32,10,23,28,0.0,45,26,31,30,0,37,20,0,77,69,0.0,
2024-05-29,28,29,10,18,26,0.0,75,24,19,27,0,51,13,0,74,67,0.0,
2024-05-30,27,26,10,23,25,0.0,38,30,32,25,0,58,14,0,66,66,0.0,
2024-05-31,26,24,9,20,24,0.0,66,28,34,26,0,44,12,0,52,56,0.0,
2024-06-01,23,22,10,21,21,0.0,0,26,28,21,0,40,20,0,35,42,0.0,
2024-06-02,24,22,10,16,22,0.0,0,28,33,21,0,47,17,0,42,49,0.0,
2024-06-03,27,25,10,22,26,0.0,0,29,28,24,0,46,26,0,64,71,0.0,
2024-06-04,28,23,10,21,26,0.0,37,25,17,25,0,38,18,0,62,61,0.0,
2024-06-05,33,27,10,22,33,0.0,45,33,26,26,0,49,19,0,76,71,0.0,
2024-06-06,30,28,10,19,30,0.0,0,27,31,27,0,42,18,43,61,67,2.0,
2024-06-07,30,31,10,20,31,0.0,0,31,29,26,0,39,18,0,70,69,9.0,
2024-06-08,27,21,11,20,26,0.0,0,29,30,20,0,39,20,0,43,45,8.0,
2024-06-09,24,19,10,15,24,0.0,44,26,24,19,0,47,16,0,38,37,2.0,
2024-06-10,26,21,10,19,25,0.0,0,23,30,22,0,41,20,0,63,64,2.0,
2024-06-11,30,26,9,21,30,0.0,53,28,33,25,0,29,21,0,80,70,6.0,
2024-06-12,30,22,9,21,29,0.0,0,26,18,24,0,47,18,0,75,77,2.0,
2024-06-13,29,20,9,17,27,0.0,0,29,23,24,0,34,14,0,70,72,2.0,
2024-06-14,32,18,9,19,27,0.0,0,25,30,24,0,55,13,0,70,70,4.0,
2024-06-15,24,19,10,20,22,0.0,0,27,28,19,0,41,22,0,34,42,0.0,
2024-06-16,23,20,10,15,21,0.0,0,26,24,19,0,27,24,0,36,48,0.0,
2024-06-17,28,19,9,20,25,0.0,0,27,23,23,0,35,25,0,62,53,2.0,
2024-06-18,29,20,9,27,29,0.0,0,27,27,24,0,56,16,0,58,68,10.0,
2024-06-19,28,20,9,17,24,0.0,0,29,23,23,0,35,19,31,65,66,0.0,
2024-06-20,25,20,9,18,25,0.0,0,25,18,23,0,40,19,0,73,72,0.0,
2024-06-21,27,18,9,22,25,0.0,38,25,17,22,0,26,18,0,79,69,2.0,
2024-06-22,23,17,10,36,21,0.0,40,24,21,18,0,31,15,0,39,38,2.0,
2024-06-23,21,17,9,32,21,0.0,0,23,0,19,0,38,14,0,41,43,2.0,
2024-06-24,37,21,9,21,36,0.0,0,29,28,23,0,40,29,0,78,67,4.0,
2024-06-25,30,18,11,19,29,0.0,0,25,15,23,0,42,17,0,63,62,3.0,
2024-06-26,26,18,9,19,28,0.0,0,23,25,20,0,31,18,0,67,64,0.0,
2024-06-27,26,19,9,22,25,0.0,0,25,20,20,0,32,17,0,66,67,0.0,
2024-06-28,25,18,9,24,23,0.0,0,22,25,20,0,37,16,0,70,64,0.0,
2024-06-29,21,16,11,16,21,0.0,0,22,21,16,0,33,14,0,33,42,0.0,
2024-06-30,21,21,11,17,22,0.0,0,23,18,16,0,36,14,0,36,41,0.0,
2024-07-01,24,18,12,22,25,0.0,0,25,25,20,0,31,18,0,58,70,0.0,
2024-07-02,24,18,11,18,23,0.0,58,27,18,19,0,30,13,0,70,67,0.0,
2024-07-03,27,18,11,19,25,0.0,0,25,24,20,0,45,21,0,71,95,0.0,
2024-07-04,35,21,9,23,35,0.0,0,30,31,22,0,29,19,0,63,74,7.0,
2024-07-05,41,25,8,25,45,0.0,60,34,45,23,0,53,35,0,59,68,21.0,
2024-07-06,29,19,9,16,29,0.0,0,30,17,18,0,37,21,0,40,46,3.0,
2024-07-07,27,19,9,14,27,0.0,0,30,21,19,0,27,21,0,50,50,3.0,
2024-07-08,33,21,9,16,31,0.0,0,30,25,23,0,37,19,0,62,72,3.0,
2024-07-09,29,19,10,17,28,0.0,0,27,20,22,0,26,22,0,65,69,0.0,
2024-07-10,28,20,9,18,26,0.0,0,26,25,21,0,26,23,0,69,71,0.0,
2024-07-11,31,20,10,17,27,0.0,43,24,18,23,0,21,19,0,71,78,1.0,
2024-07-12,30,17,9,15,27,0.0,0,26,17,20,0,31,26,0,72,68,0.0,
2024-07-13,24,19,9,15,23,0.0,0,26,29,18,0,27,26,0,45,40,2.0,
2024-07-14,31,19,9,14,27,0.0,49,26,25,18,0,34,21,0,45,47,0.0,
2024-07-15,34,25,9,20,35,0.0,0,28,24,24,0,42,23,0,57,66,0.0,
2024-07-16,36,26,9,23,34,0.0,0,29,34,25,0,34,22,0,57,65,0.0,
2024-07-17,32,26,8,24,30,0.0,41,27,23,24,0,43,27,0,72,71,0.0,
2024-07-18,29,21,9,16,28,0.0,43,25,26,22,0,35,24,0,67,75,2.0,
2024-07-19,33,23,9,21,31,0.0,0,30,35,23,0,27,24,0,71,69,2.0,
2024-07-20,28,34,10,22,28,0.0,0,30,30,23,0,43,23,0,55,44,2.0,
2024-07-21,31,22,10,33,30,0.0,41,28,36,22,0,25,25,0,42,47,0.0,
2024-07-22,32,24,9,28,30,0.0,0,28,33,25,0,27,26,31,80,70,0.0,
2024-07-23,33,38,9,25,30,0.0,48,29,42,37,0,22,24,0,65,72,0.0,
2024-07-24,30,31,8,20,26,0.0,0,30,33,28,0,27,14,0,66,70,3.0,
2024-07-25,31,42,8,21,31,0.0,43,27,32,27,0,30,20,43,68,67,2.0,
2024-07-26,31,24,9,19,29,0.0,0,30,36,24,0,36,20,0,66,64,0.0,
2024-07-27,38,21,8,18,33,0.0,40,45,32,20,0,25,36,0,41,45,0.0,
2024-07-28,32,20,8,17,29,0.0,0,35,27,20,0,21,26,0,50,42,0.0,
2024-07-29,36,27,9,19,34,0.0,0,36,23,24,0,25,28,0,60,68,1.0,
2024-07-30,30,21,9,21,28,0.0,0,27,21,21,0,23,19,0,68,68,2.0,
2024-07-31,28,20,9,22,28,0.0,0,28,20,22,0,32,24,0,60,67,0.0,
2024-08-01,29,24,9,19,30,0.0,0,29,19,20,0,32,22,0,68,72,3.0,
2024-08-02,30,18,9,18,29,0.0,40,26,31,21,0,23,15,0,68,56,2.0,
2024-08-03,30,20,12,19,30,0.0,47,30,36,20,0,34,17,0,43,40,5.0,
2024-08-04,32,28,9,17,31,0.0,42,29,30,24,0,31,20,0,54,44,9.0,
2024-08-05,92,63,11,33,88,0.0,44,53,70,59,0,82,50,41,100,76,100.0,
2024-08-06,52,37,10,21,49,0.0,0,35,47,31,0,51,26,0,68,70,17.0,
2024-08-07,41,37,9,20,38,0.0,0,32,35,26,0,36,22,0,75,78,8.0,
2024-08-08,37,27,9,22,36,0.0,0,29,27,26,0,35,24,0,65,72,3.0,
2024-08-09,33,25,9,19,33,0.0,72,29,28,23,0,29,20,0,62,65,2.0,
2024-08-10,28,20,9,15,26,0.0,0,29,23,19,0,21,17,0,41,60,2.0,
2024-08-11,28,22,8,13,28,0.0,0,30,19,21,0,15,19,0,38,53,0.0,
2024-08-12,31,22,9,14,31,0.0,0,28,0,21,0,30,20,0,63,80,2.0,
2024-08-13,30,22,8,17,28,0.0,39,29,17,22,0,24,19,0,78,78,0.0,
2024-08-14,29,21,8,17,28,0.0,50,25,33,21,0,26,21,0,72,75,2.0,
2024-08-15,31,19,9,20,28,0.0,57,29,17,22,0,20,19,0,68,64,2.0,
2024-08-16,28,19,9,17,28,0.0,0,25,27,18,0,24,19,0,57,60,1.0,
2024-08-17,24,19,9,14,23,0.0,0,26,28,17,0,20,18,0,43,41,2.0,
2024-08-18,26,19,9,15,24,0.0,55,24,17,18,0,20,16,0,44,48,0.0,
2024-08-19,27,19,9,16,25,0.0,0,27,23,21,0,19,17,36,67,67,2.0,
2024-08-20,29,18,9,23,27,0.0,0,27,28,24,0,19,15,0,67,72,0.0,
2024-08-21,27,18,9,20,26,0.0,0,26,0,20,0,28,21,0,79,67,1.0,
2024-08-22,27,19,8,27,25,0.0,0,26,17,20,0,24,16,0,64,71,2.0,
2024-08-23,30,21,9,33,28,0.0,0,29,19,20,0,34,22,0,76,73,0.0,
2024-08-24,27,20,9,28,28,0.0,0,23,28,19,0,18,20,0,48,58,0.0,
2024-08-25,26,18,9,19,25,0.0,0,27,20,18,0,29,24,0,42,54,0.0,
2024-08-26,26,18,9,22,26,0.0,0,24,0,19,0,29,17,0,62,64,0.0,
2024-08-27,27,18,10,17,26,0.0,0,26,32,21,0,36,17,0,66,67,3.0,
2024-08-28,28,20,9,17,30,0.0,0,28,29,22,0,32,24,0,56,69,3.0,
2024-08-29,26,23,8,17,26,0.0,0,26,24,20,0,17,15,0,67,70,2.0,
2024-08-30,26,16,9,16,25,0.0,0,26,21,21,0,30,16,0,56,59,0.0,
2024-08-31,22,15,9,14,23,0.0,0,27,20,17,0,30,13,0,36,39,2.0,
2024-09-01,23,23,9,17,23,0.0,49,24,24,17,0,24,16,0,45,46,0.0,
2024-09-02,25,17,9,15,25,0.0,45,24,24,21,0,28,17,0,54,58,0.0,
2024-09-03,25,19,9,16,25,0.0,0,26,24,20,0,29,15,0,65,70,1.0,
2024-09-04,21,26,33,23,24,0.0,0,15,0,40,0,25,14,0,73,66,24.0,
2024-09-05,20,26,37,20,21,0.0,0,14,12,38,0,23,12,0,71,65,9.0,
2024-09-06,24,27,47,22,27,0.0,0,17,30,41,0,19,15,0,75,60,22.0,
2024-09-07,22,26,50,20,20,0.0,0,18,15,36,0,17,13,0,45,36,14.0,
2024-09-08,19,24,35,26,19,0.0,0,15,20,34,0,17,19,0,49,40,11.0,
2024-09-09,22,26,34,27,23,0.0,0,15,18,40,0,19,16,0,69,55,0.0,
2024-09-10,19,23,32,20,21,0.0,0,15,18,38,76,23,9,0,67,62,0.0,
2024-09-11,20,24,31,23,21,0.0,30,15,0,36,0,20,12,0,67,71,0.0,
2024-09-12,19,32,34,18,21,0.0,0,14,20,35,0,24,15,0,80,71,0.0,
2024-09-13,20,24,32,25,22,0.0,0,16,21,35,0,26,14,0,54,70,10.0,
2024-09-14,18,22,38,21,21,0.0,0,16,22,31,0,26,18,0,48,45,0.0,
2024-09-15,18,21,35,19,19,0.0,38,14,19,29,0,20,17,0,38,47,0.0,
2024-09-16,19,23,32,25,21,0.0,0,13,22,40,0,21,19,0,61,61,13.0,
2024-09-17,21,26,32,22,21,0.0,0,16,19,41,0,29,14,0,66,60,0.0,
2024-09-18,21,33,34,24,23,0.0,0,15,15,38,0,21,17,0,71,73,0.0,
2024-09-19,24,29,35,33,28,0.0,30,18,17,40,0,23,20,0,75,77,0.0,
2024-09-20,22,26,35,36,25,0.0,0,18,25,38,0,30,13,0,65,74,18.0,
2024-09-21,18,22,35,23,20,0.0,0,14,18,31,0,22,17,0,41,47,0.0,
2024-09-22,18,22,39,26,18,0.0,0,16,15,34,0,26,17,55,44,44,0.0,
2024-09-23,24,27,41,26,23,0.0,0,15,20,41,0,34,14,0,59,69,0.0,
2024-09-24,20,26,51,25,21,0.0,0,14,16,42,0,31,14,0,70,73,12.0,
2024-09-25,20,23,40,29,21,0.0,0,15,13,38,0,33,15,0,64,63,14.0,
2024-09-26,21,25,40,36,25,0.0,36,16,14,40,0,26,16,0,64,74,0.0,
2024-09-27,23,24,37,38,26,0.0,0,17,19,36,0,32,17,0,61,68,11.0,
2024-09-28,19,29,40,31,21,0.0,31,16,15,32,0,35,17,0,46,42,0.0,
2024-09-29,18,20,44,28,19,0.0,0,15,24,32,0,27,19,0,39,40,0.0,
2024-09-30,20,28,44,26,22,0.0,0,15,26,37,0,27,12,0,57,61,0.0,
2024-10-01,21,22,42,28,23,0.0,0,15,20,37,0,25,19,0,66,61,21.0,
2024-10-02,20,20,44,22,22,0.0,0,15,21,36,0,29,14,0,57,60,17.0,
2024-10-03,19,21,37,22,21,0.0,29,14,15,34,0,17,13,0,62,57,16.0,
2024-10-04,20,20,48,19,21,0.0,0,15,15,34,0,25,12,60,55,53,17.0,
2024-10-05,17,17,42,18,18,0.0,0,15,18,28,0,21,15,0,41,47,0.0,
2024-10-06,17,17,45,21,17,0.0,0,13,22,28,0,16,15,0,36,41,0.0,
2024-10-07,20,20,42,25,21,0.0,0,14,19,35,0,28,13,0,54,55,0.0,
2024-10-08,20,19,43,22,19,0.0,0,13,22,32,0,23,15,0,63,73,0.0,
2024-10-09,22,19,49,20,20,0.0,0,14,13,34,0,21,17,0,60,80,0.0,
2024-10-10,19,18,82,24,20,0.0,27,14,14,33,0,17,21,0,53,57,10.0,
2024-10-11,20,19,45,22,20,0.0,0,14,18,33,0,35,15,0,68,61,0.0,
2024-10-12,16,21,54,33,16,0.0,0,15,15,29,0,23,19,0,42,53,0.0,
2024-10-13,15,15,84,32,16,0.0,0,14,15,27,0,39,15,0,37,48,0.0,
2024-10-14,21,23,55,35,22,0.0,0,15,18,38,0,35,15,0,54,63,0.0,
2024-10-15,20,21,84,33,23,0.0,0,15,31,35,0,37,19,0,62,64,11.0,
2024-10-16,21,23,57,43,24,0.0,0,17,17,35,0,36,22,0,68,74,11.0,
2024-10-17,19,21,100,30,21,0.0,0,15,15,33,0,25,18,0,61,62,0.0,
2024-10-18,19,23,59,29,22,0.0,0,17,17,35,87,28,13,0,62,67,13.0,
2024-10-19,18,19,86,27,19,0.0,32,16,17,28,0,25,12,0,33,36,0.0,
2024-10-20,18,22,58,26,20,0.0,0,14,17,31,0,25,16,0,48,47,0.0,
2024-10-21,20,23,66,24,24,0.0,0,15,32,35,0,30,19,0,64,63,11.0,
2024-10-22,20,21,53,29,21,0.0,0,16,0,34,0,30,18,0,66,59,0.0,
2024-10-23,19,21,71,30,20,0.0,0,15,16,32,0,23,16,0,64,66,14.0,
2024-10-24,19,21,50,24,20,0.0,31,16,17,34,0,16,16,0,70,67,9.0,
2024-10-25,19,22,75,21,21,0.0,0,15,20,36,0,25,13,0,68,65,0.0,
2024-10-26,17,18,44,19,17,0.0,0,14,18,29,0,30,17,0,36,41,0.0,
2024-10-27,17,18,53,15,17,0.0,0,14,17,29,0,25,19,0,46,37,0.0,
2024-10-28,21,22,83,22,25,0.0,0,16,24,42,0,30,19,0,59,69,0.0,
2024-10-29,34,30,77,33,46,0.0,28,23,20,45,0,41,34,0,59,75,0.0,
2024-10-30,28,31,53,31,34,0.0,31,21,29,44,0,48,23,58,63,63,0.0,
2024-10-31,25,26,76,26,30,0.0,0,20,23,38,0,19,21,0,57,58,0.0,
2024-11-01,23,23,47,26,26,0.0,34,16,14,36,0,21,12,0,48,50,0.0,
2024-11-02,19,20,55,18,20,0.0,0,18,15,30,0,24,15,60,39,37,0.0,
2024-11-03,20,19,66,26,21,0.0,40,16,0,28,0,27,18,0,43,42,21.0,
2024-11-04,20,21,43,21,23,0.0,0,16,15,33,0,31,17,0,74,65,0.0,
2024-11-05,22,26,47,25,25,0.0,0,16,16,34,0,28,15,0,55,69,0.0,
2024-11-06,82,66,66,44,85,0.0,35,41,45,73,0,69,44,0,61,82,12.0,
2024-11-07,48,58,45,37,49,0.0,53,31,40,64,0,48,41,52,75,74,0.0,
2024-11-08,37,55,68,42,42,0.0,32,31,51,58,0,52,27,68,70,77,11.0,
2024-11-09,32,48,50,41,34,0.0,0,31,50,60,0,42,27,0,46,56,0.0,
2024-11-10,54,75,79,67,60,0.0,62,39,62,76,0,76,48,65,46,62,20.0,
2024-11-11,86,93,52,79,93,0.0,80,74,75,98,0,72,97,92,81,83,35.0,
2024-11-12,91,93,84,82,100,0.0,86,75,100,97,0,88,88,100,100,100,52.0,
2024-11-13,89,84,54,69,90,0.0,89,72,84,89,0,73,86,100,88,93,29.0,
2024-11-14,68,64,83,57,70,0.0,74,59,69,70,0,79,63,0,83,80,24.0,
2024-11-15,52,54,55,49,55,0.0,40,43,50,57,0,63,47,0,75,72,23.0,
2024-11-16,45,52,92,61,46,91.0,44,37,43,51,0,69,39,62,50,59,17.0,
2024-11-17,42,43,53,62,41,0.0,76,34,52,51,0,71,43,0,57,63,13.0,
2024-11-18,47,55,55,64,46,0.0,47,35,46,58,0,67,53,0,67,84,19.0,
2024-11-19,47,53,72,56,50,0.0,40,40,58,56,0,57,36,0,70,85,19.0,
2024-11-20,54,57,51,45,52,0.0,64,49,52,64,100,53,48,0,78,87,16.0,
2024-11-21,78,81,56,62,87,100.0,63,61,76,92,0,69,95,81,78,76,35.0,
2024-11-22,82,73,73,96,87,0.0,39,64,64,75,0,67,90,0,77,82,35.0,
2024-11-23,58,72,62,100,59,0.0,66,52,74,64,0,86,55,83,59,57,54.0,
2024-11-24,48,56,68,77,47,0.0,35,43,60,52,0,71,43,94,50,57,34.0,
2024-11-25,54,68,53,93,54,0.0,52,42,62,69,0,72,45,71,81,83,39.0,
2024-11-26,50,53,72,64,53,33.0,44,40,46,66,25,66,50,63,75,78,100.0,
2024-11-27,46,64,52,71,46,35.0,39,35,51,76,25,60,39,66,66,75,37.0,
2024-11-28,40,63,80,49,38,28.0,38,31,48,68,18,62,29,53,63,66,19.0,
2024-11-29,42,56,53,55,42,39.0,53,33,47,59,27,66,33,54,70,71,19.0,
2024-11-30,33,56,84,60,32,43.0,60,33,52,61,18,68,32,55,51,56,23.0,
2024-12-01,33,57,92,57,33,29.0,59,34,56,62,19,71,32,50,53,55,25.0,
2024-12-02,38,62,52,97,38,41.0,77,35,58,67,30,89,39,63,76,84,42.0,
2024-12-03,39,60,63,96,39,40.0,72,37,55,68,26,89,44,61,77,92,44.0,
2024-12-04,40,68,78,95,40,46.0,71,36,61,79,38,90,39,75,77,89,37.0,
2024-12-05,100,100,57,88,96,37.0,100,100,88,100,91,100,100,98,84,91,49.0,
2024-12-06,62,88,70,67,59,30.0,97,64,75,91,38,88,66,82,85,79,38.0,
