date,bitcoin,Ethereum,Avalanche,bearish,bullish,AVAX,ETH,BTC
2020-09-19,9.0,5,26,22,27,2,14,12
2020-09-20,9.0,5,25,25,28,5,13,11
2020-09-21,10.0,5,24,48,38,7,16,14
2020-09-22,10.0,5,25,50,35,25,14,13
2020-09-23,10.0,5,24,47,42,10,15,12
2020-09-24,10.0,5,24,57,39,5,15,12
2020-09-25,10.0,5,23,41,37,5,13,12
2020-09-26,9.0,5,24,24,23,4,11,11
2020-09-27,8.0,4,25,31,26,4,12,10
2020-09-28,9.0,4,23,43,34,4,13,12
2020-09-29,10.0,4,22,45,39,2,13,12
2020-09-30,9.0,4,22,39,34,3,12,11
2020-10-01,9.0,4,21,37,36,3,12,11
2020-10-02,9.0,4,23,42,35,3,13,13
2020-10-03,8.0,4,23,25,21,2,10,11
2020-10-04,8.0,4,22,35,27,2,11,10
2020-10-05,9.0,4,23,37,35,2,12,11
2020-10-06,9.0,4,24,48,43,2,12,11
2020-10-07,8.0,4,26,51,43,2,11,11
2020-10-08,9.0,4,26,44,43,2,12,11
2020-10-09,10.0,4,24,35,36,1,11,12
2020-10-10,10.0,4,29,22,27,2,11,16
2020-10-11,9.0,4,29,27,28,0,10,12
2020-10-12,10.0,4,27,48,39,3,13,13
2020-10-13,10.0,4,23,39,38,2,11,13
2020-10-14,10.0,4,22,44,41,2,11,13
2020-10-15,10.0,4,22,44,38,1,11,12
2020-10-16,10.0,4,24,44,40,2,11,12
2020-10-17,9.0,3,24,30,25,2,9,11
2020-10-18,9.0,3,23,41,32,2,10,10
2020-10-19,10.0,4,23,39,35,4,10,13
2020-10-20,12.0,4,23,40,39,1,12,15
2020-10-21,17.0,5,23,41,42,2,13,23
2020-10-22,18.0,7,23,44,39,0,15,23
2020-10-23,15.0,6,22,35,38,2,13,19
2020-10-24,12.0,5,24,24,22,2,11,14
2020-10-25,13.0,5,23,25,22,1,11,15
2020-10-26,14.0,5,22,42,37,3,13,18
2020-10-27,16.0,5,24,41,42,2,14,22
2020-10-28,18.0,5,20,50,35,1,12,22
2020-10-29,14.0,4,23,36,41,2,12,18
2020-10-30,13.0,4,21,38,37,0,11,17
2020-10-31,14.0,5,23,29,27,2,10,19
2020-11-01,13.0,4,19,22,25,2,11,16
2020-11-02,14.0,4,21,39,38,2,12,18
2020-11-03,13.0,4,21,37,38,2,11,18
2020-11-04,12.0,4,17,40,56,1,11,17
2020-11-05,20.0,6,19,37,44,2,14,25
2020-11-06,21.0,7,18,29,36,1,16,27
2020-11-07,17.0,8,20,22,25,2,15,22
2020-11-08,16.0,6,21,24,23,2,13,21
2020-11-09,17.0,6,22,47,41,2,13,21
2020-11-10,14.0,6,23,49,41,2,13,18
2020-11-11,16.0,7,22,41,44,2,15,19
2020-11-12,18.0,7,22,49,35,3,14,21
2020-11-13,19.0,7,23,38,41,2,15,24
2020-11-14,15.0,6,26,22,29,3,13,19
2020-11-15,14.0,6,28,26,27,2,12,16
2020-11-16,17.0,6,33,46,40,2,14,23
2020-11-17,25.0,8,33,51,49,2,17,30
2020-11-18,29.0,8,32,45,52,2,18,37
2020-11-19,23.0,7,32,40,46,2,16,28
2020-11-20,24.0,10,31,36,46,2,19,30
2020-11-21,24.0,11,33,28,29,2,21,31
2020-11-22,22.0,12,36,37,39,1,23,26
2020-11-23,22.0,17,29,44,44,3,29,26
2020-11-24,30.0,18,28,43,50,4,28,35
2020-11-25,28.0,19,27,40,46,2,22,29
2020-11-26,32.0,12,26,44,47,2,22,38
2020-11-27,23.0,9,26,39,38,3,16,28
2020-11-28,20.0,9,29,29,36,0,16,25
2020-11-29,19.0,8,30,23,31,2,15,23
2020-11-30,25.0,11,27,42,38,3,21,32
2020-12-01,27.0,13,26,49,47,2,23,33
2020-12-02,21.0,9,26,49,48,2,18,25
2020-12-03,20.0,9,27,51,50,1,18,24
2020-12-04,21.0,9,28,47,45,2,16,23
2020-12-05,19.0,8,29,29,31,0,14,21
2020-12-06,17.0,8,30,30,30,1,14,20
2020-12-07,19.0,7,27,46,46,2,16,21
2020-12-08,18.0,7,25,44,51,3,15,21
2020-12-09,19.0,8,24,57,48,3,16,23
2020-12-10,17.0,7,25,57,48,2,13,20
2020-12-11,18.0,7,27,52,54,0,14,20
2020-12-12,15.0,6,30,29,36,3,12,26
2020-12-13,17.0,9,28,28,30,2,13,23
2020-12-14,16.0,6,26,44,45,1,14,20
2020-12-15,16.0,7,26,34,44,2,14,21
2020-12-16,30.0,9,27,42,48,2,19,37
2020-12-17,53.0,16,27,40,50,3,25,59
2020-12-18,36.0,11,29,44,44,0,20,38
2020-12-19,30.0,11,30,27,31,1,17,36
2020-12-20,30.0,10,32,37,37,2,16,32
2020-12-21,32.0,9,29,45,44,3,18,33
2020-12-22,27.0,9,31,50,47,2,16,30
2020-12-23,26.0,9,31,43,48,6,15,29
2020-12-24,24.0,10,28,29,42,3,17,27
2020-12-25,27.0,10,29,34,27,3,16,32
2020-12-26,39.0,11,36,24,28,2,19,44
2020-12-27,50.0,17,41,22,24,3,25,58
2020-12-28,40.0,21,37,41,45,3,25,44
2020-12-29,33.0,17,36,45,49,3,23,35
2020-12-30,39.0,17,36,49,51,3,24,41
2020-12-31,41.0,17,33,44,47,3,22,41
2021-01-01,39.0,15,37,27,31,8,22,40
2021-01-02,66.0,24,37,31,37,6,32,69
2021-01-03,78.0,45,37,30,42,4,54,75
2021-01-04,66.0,55,32,43,58,4,67,63
2021-01-05,54.0,40,34,52,60,5,45,51
2021-01-06,60.0,43,31,54,68,6,49,62
2021-01-07,90.0,52,32,61,70,7,57,87
2021-01-08,88.0,52,32,67,74,7,51,83
2021-01-09,69.0,46,43,32,40,22,41,63
2021-01-10,69.0,52,42,43,51,13,54,66
2021-01-11,96.0,52,34,58,70,8,51,100
2021-01-12,72.0,36,34,70,74,14,35,69
2021-01-13,64.0,31,45,75,72,9,31,56
2021-01-14,66.0,33,80,62,68,15,33,60
2021-01-15,58.0,29,44,63,59,14,33,57
2021-01-16,47.0,28,88,37,42,28,34,47
2021-01-17,44.0,26,53,37,41,25,29,43
2021-01-18,42.0,24,58,47,47,19,30,42
2021-01-19,40.0,43,46,53,59,17,54,40
2021-01-20,39.0,35,56,44,60,14,37,39
2021-01-21,50.0,32,39,62,62,10,33,48
2021-01-22,52.0,30,58,57,60,13,32,53
2021-01-23,39.0,25,59,41,39,12,29,37
2021-01-24,35.0,28,44,48,50,9,34,34
2021-01-25,36.0,35,46,69,67,11,41,39
2021-01-26,35.0,29,38,68,67,8,31,33
2021-01-27,38.0,27,55,79,76,9,31,37
2021-01-28,38.0,28,46,80,80,9,29,39
2021-01-29,62.0,34,65,84,79,9,37,65
2021-01-30,42.0,28,54,65,57,9,32,41
2021-01-31,36.0,26,72,54,52,17,30,37
2021-02-01,39.0,25,67,82,80,10,28,37
2021-02-02,34.0,36,45,85,86,8,41,35
2021-02-03,35.0,48,61,80,85,11,56,37
2021-02-04,36.0,47,49,88,94,13,58,38
2021-02-05,34.0,43,50,78,89,15,49,33
2021-02-06,42.0,42,49,51,56,15,47,45
2021-02-07,36.0,41,100,45,55,34,45,37
2021-02-08,82.0,45,77,81,84,60,55,68
2021-02-09,100.0,52,67,83,82,34,56,77
2021-02-10,62.0,45,55,77,84,100,45,56
2021-02-11,55.0,38,50,75,90,85,40,53
2021-02-12,53.0,39,47,73,94,54,39,51
2021-02-13,46.0,37,51,51,61,50,40,45
2021-02-14,54.0,38,65,43,56,61,39,50
2021-02-15,52.0,36,60,62,64,55,38,49
2021-02-16,59.0,35,45,83,72,43,39,56
2021-02-17,67.0,37,58,73,74,44,41,61
2021-02-18,60.0,45,42,69,72,45,49,55
2021-02-19,65.0,46,42,58,68,36,51,62
2021-02-20,74.0,52,94,55,61,35,61,69
2021-02-21,67.0,46,87,49,54,34,50,61
2021-02-22,76.0,48,47,87,76,33,58,72
2021-02-23,95.0,55,52,100,83,31,62,86
2021-02-24,70.0,41,36,78,76,26,46,67
2021-02-25,57.0,34,51,72,72,23,36,51
2021-02-26,60.0,35,41,70,73,20,36,56
2021-02-27,48.0,30,65,54,53,21,33,46
2021-02-28,51.0,35,61,74,57,23,42,51
2021-03-01,53.0,32,37,71,80,23,35,52
2021-03-02,46.0,28,47,74,75,26,33,44
2021-03-03,45.0,27,32,67,80,25,31,46
2021-03-04,42.0,23,45,65,70,21,29,40
2021-03-05,39.0,22,36,69,62,21,28,40
2021-03-06,36.0,24,53,42,46,19,30,35
2021-03-07,36.0,27,49,42,49,25,34,39
2021-03-08,39.0,29,34,68,69,24,34,39
2021-03-09,46.0,33,45,69,70,51,36,51
2021-03-10,45.0,30,33,57,64,43,32,50
2021-03-11,43.0,27,46,48,58,32,30,44
2021-03-12,44.0,26,34,68,60,28,29,44
2021-03-13,56.0,33,51,55,59,32,38,60
2021-03-14,53.0,34,49,40,56,27,37,53
2021-03-15,47.0,27,35,59,56,25,31,50
2021-03-16,45.0,26,34,68,63,26,31,45
2021-03-17,41.0,23,59,56,67,27,31,40
2021-03-18,40.0,23,36,62,66,28,30,43
2021-03-19,37.0,24,54,52,60,30,29,38
2021-03-20,36.0,23,60,40,45,26,29,35
2021-03-21,35.0,23,46,44,46,24,29,36
2021-03-22,37.0,24,38,57,58,24,29,38
2021-03-23,39.0,22,53,60,55,19,28,40
2021-03-24,41.0,23,57,63,65,23,29,43
2021-03-25,46.0,23,43,69,66,21,29,48
2021-03-26,38.0,20,55,46,54,20,28,39
2021-03-27,35.0,20,57,34,42,17,29,36
2021-03-28,33.0,19,41,39,42,25,25,33
2021-03-29,38.0,24,35,51,51,23,29,37
2021-03-30,39.0,25,48,51,60,23,30,43
2021-03-31,38.0,24,35,63,63,27,31,40
2021-04-01,42.0,29,60,43,55,22,34,39
2021-04-02,39.0,42,41,40,51,21,45,38
2021-04-03,34.0,41,61,39,43,26,43,38
2021-04-04,35.0,32,54,34,41,20,35,38
2021-04-05,36.0,31,39,54,64,28,35,37
2021-04-06,35.0,32,49,57,66,23,30,37
2021-04-07,34.0,29,35,63,61,16,30,36
2021-04-08,33.0,26,55,53,59,15,29,35
2021-04-09,31.0,24,36,43,50,30,31,33
2021-04-10,36.0,28,54,36,47,26,32,41
2021-04-11,35.0,29,48,37,52,23,32,36
2021-04-12,37.0,30,46,62,65,24,35,37
2021-04-13,47.0,37,47,61,61,21,40,50
2021-04-14,53.0,43,39,53,61,32,46,52
2021-04-15,44.0,46,51,62,69,31,51,42
2021-04-16,47.0,48,44,66,68,26,42,45
2021-04-17,40.0,38,42,50,54,22,40,39
2021-04-18,69.0,44,35,65,58,30,45,72
2021-04-19,55.0,37,31,79,65,23,37,56
2021-04-20,50.0,35,30,71,63,19,40,51
2021-04-21,42.0,33,30,60,58,17,40,44
2021-04-22,47.0,43,36,71,65,12,51,46
2021-04-23,74.0,44,47,94,73,17,44,76
2021-04-24,52.0,31,58,52,55,15,34,54
2021-04-25,45.0,31,38,64,46,14,37,49
2021-04-26,48.0,34,35,70,63,15,39,53
2021-04-27,45.0,37,39,56,58,15,40,45
2021-04-28,40.0,42,34,64,64,14,46,41
2021-04-29,37.0,41,43,59,63,15,42,40
2021-04-30,37.0,39,33,60,67,24,38,38
2021-05-01,35.0,49,50,33,50,28,47,38
2021-05-02,32.0,48,47,39,46,20,45,33
2021-05-03,38.0,90,39,48,74,32,89,38
2021-05-04,39.0,93,50,70,68,23,85,41
2021-05-05,39.0,83,34,66,81,19,69,39
2021-05-06,37.0,83,45,67,78,28,68,37
2021-05-07,34.0,70,31,67,73,33,58,34
2021-05-08,34.0,78,59,47,56,24,75,38
2021-05-09,37.0,86,57,59,65,18,81,35
2021-05-10,37.0,100,38,77,74,27,100,39
2021-05-11,33.0,73,56,84,96,19,82,35
2021-05-12,38.0,81,37,75,100,33,87,38
2021-05-13,90.0,94,65,77,86,21,89,77
2021-05-14,58.0,71,76,70,71,22,70,48
2021-05-15,45.0,60,40,53,64,23,60,43
2021-05-16,49.0,61,39,72,71,22,64,50
2021-05-17,69.0,74,43,82,75,17,67,67
2021-05-18,,54,51,53,45,8,38,40
2021-05-19,,100,24,67,48,9,68,100
2021-05-20,,74,50,55,40,8,47,66
2021-05-21,,63,26,52,42,7,38,59
2021-05-22,,57,50,38,31,7,36,52
2021-05-23,,71,46,51,36,10,45,59
2021-05-24,,67,31,45,46,7,38,56
2021-05-25,,57,21,56,47,8,34,42
2021-05-26,,52,18,49,46,6,30,38
2021-05-27,,44,20,47,46,6,27,33
2021-05-28,,46,19,51,45,5,25,36
2021-05-29,,43,26,40,35,5,25,36
2021-05-30,,40,35,31,32,5,24,33
2021-05-31,,40,73,47,42,5,23,30
2021-06-01,,37,31,47,38,6,23,30
2021-06-02,,36,31,45,40,6,23,30
2021-06-03,,37,82,49,44,5,23,29
2021-06-04,,34,34,44,38,4,23,32
2021-06-05,,31,77,42,30,4,21,29
2021-06-06,,31,37,30,27,4,20,27
2021-06-07,,32,66,53,40,6,21,28
2021-06-08,,38,36,52,43,5,23,41
2021-06-09,,30,86,52,43,4,20,35
2021-06-10,,28,38,47,45,5,18,32
2021-06-11,,25,100,45,41,5,18,26
2021-06-12,,27,23,36,28,5,19,25
2021-06-13,,25,23,37,29,6,18,26
2021-06-14,,28,18,42,39,5,18,35
2021-06-15,,26,16,45,39,3,17,27
2021-06-16,,22,15,43,37,4,17,26
2021-06-17,,22,14,43,34,4,17,23
2021-06-18,,23,13,41,35,3,17,23
2021-06-19,,21,14,29,26,3,17,22
2021-06-20,,25,13,31,23,3,18,25
2021-06-21,,34,13,49,39,4,23,35
2021-06-22,,38,13,46,46,4,25,48
2021-06-23,,28,13,37,35,3,19,31
2021-06-24,,25,13,47,45,3,19,27
2021-06-25,,26,13,45,34,3,20,27
2021-06-26,,26,15,31,25,3,21,25
2021-06-27,,22,14,34,26,2,19,26
2021-06-28,,26,12,42,33,3,20,26
2021-06-29,,28,13,41,37,3,21,25
2021-06-30,,24,13,44,36,2,19,22
2021-07-01,,22,12,39,39,3,18,22
2021-07-02,,20,12,40,32,3,18,20
2021-07-03,,20,13,32,25,3,19,20
2021-07-04,,23,13,24,23,4,23,21
2021-07-05,,22,12,32,30,3,19,21
2021-07-06,,22,13,39,30,4,21,21
2021-07-07,,22,13,37,30,3,21,19
2021-07-08,,22,14,43,31,3,20,21
2021-07-09,,20,12,33,42,3,20,20
2021-07-10,,18,13,25,31,3,19,18
2021-07-11,,17,14,27,22,2,17,16
2021-07-12,,19,12,34,39,2,19,19
2021-07-13,,20,13,33,35,3,20,19
2021-07-14,,21,12,41,36,2,21,19
2021-07-15,,19,13,42,34,2,20,20
2021-07-16,,19,15,39,38,2,18,20
2021-07-17,,17,14,28,24,2,16,19
2021-07-18,,18,16,22,21,2,19,18
2021-07-19,,19,14,38,31,3,19,20
2021-07-20,,24,13,36,35,2,19,29
2021-07-21,,22,14,39,31,2,19,24
2021-07-22,,21,17,38,35,2,19,23
2021-07-23,,20,15,36,32,2,20,20
2021-07-24,,21,17,25,23,2,25,22
2021-07-25,,20,15,25,20,3,20,22
2021-07-26,,31,15,29,34,3,26,42
2021-07-27,,23,16,42,35,3,20,29
2021-07-28,,23,20,37,37,3,20,30
2021-07-29,,21,18,34,34,4,20,24
2021-07-30,,22,15,40,34,2,20,23
2021-07-31,,25,15,48,23,3,21,26
2021-08-01,,29,14,28,24,4,24,24
2021-08-02,,28,13,35,27,3,22,22
2021-08-03,,25,13,36,31,2,23,22
2021-08-04,,31,12,36,32,3,30,20
2021-08-05,,43,13,42,33,3,42,22
2021-08-06,,37,12,34,29,4,34,25
2021-08-07,,43,13,28,25,5,37,28
2021-08-08,,40,13,30,24,4,32,28
2021-08-09,,37,12,39,36,5,30,30
2021-08-10,,34,12,39,32,4,28,27
2021-08-11,,35,12,38,35,5,28,25
2021-08-12,,31,12,36,35,4,22,24
2021-08-13,,29,14,34,36,5,25,27
2021-08-14,,30,15,37,26,4,24,25
2021-08-15,,28,14,25,27,4,22,23
2021-08-16,,28,13,37,36,7,24,24
2021-08-17,,25,15,35,32,15,25,24
2021-08-18,,26,15,40,36,16,22,24
2021-08-19,,24,17,35,30,24,23,22
2021-08-20,,28,15,38,33,26,24,26
2021-08-21,,27,20,23,24,64,23,26
2021-08-22,,24,15,24,24,31,23,22
2021-08-23,,30,16,39,35,36,26,29
2021-08-24,,28,18,40,32,45,27,26
2021-08-25,,24,16,38,34,36,24,24
2021-08-26,,23,17,36,36,31,23,23
2021-08-27,,22,13,33,32,26,22,21
2021-08-28,,22,16,23,21,26,23,21
2021-08-29,,21,15,22,24,21,24,19
2021-08-30,,22,15,34,28,25,23,20
2021-08-31,,25,13,35,34,25,27,20
2021-09-01,,35,14,37,34,24,37,19
2021-09-02,,36,14,39,29,24,34,22
2021-09-03,,38,14,37,32,27,36,22
2021-09-04,,31,15,20,24,21,28,20
2021-09-05,,29,14,21,23,21,27,20
2021-09-06,,31,13,30,27,20,28,23
2021-09-07,,39,13,37,33,24,36,37
2021-09-08,,29,13,39,33,19,29,33
2021-09-09,,26,14,38,30,22,25,24
2021-09-10,,24,14,43,28,25,25,23
2021-09-11,,22,16,24,20,37,23,20
2021-09-12,,21,20,24,23,56,23,18
2021-09-13,,24,15,41,34,32,25,23
2021-09-14,,23,15,32,32,25,21,20
2021-09-15,,21,14,41,33,24,21,21
2021-09-16,,22,17,34,33,44,23,19
2021-09-17,,21,17,39,31,38,21,18
2021-09-18,,19,18,25,27,48,21,19
2021-09-19,,18,18,23,27,37,21,16
2021-09-20,,24,16,41,33,32,24,25
2021-09-21,,26,15,35,32,32,27,27
2021-09-22,,24,16,37,35,31,24,24
2021-09-23,,21,17,33,33,40,22,22
2021-09-24,,25,16,33,33,29,25,29
2021-09-25,,20,15,23,20,23,20,21
2021-09-26,,19,15,29,22,24,19,19
2021-09-27,,22,14,30,30,21,23,20
2021-09-28,,20,14,31,32,20,23,20
2021-09-29,,19,18,35,35,24,21,20
2021-09-30,,18,16,41,32,31,21,18
2021-10-01,,21,21,28,33,28,23,23
2021-10-02,,22,17,21,25,27,23,21
2021-10-03,,21,17,23,22,22,21,19
2021-10-04,,21,17,37,29,22,22,21
2021-10-05,,22,18,38,39,23,25,24
2021-10-06,,26,19,34,44,26,28,32
2021-10-07,,25,16,35,36,22,26,28
2021-10-08,,23,17,32,32,21,23,24
2021-10-09,,21,17,20,27,18,22,21
2021-10-10,,20,17,25,27,19,22,22
2021-10-11,,23,17,30,34,20,25,28
2021-10-12,,22,18,32,32,22,24,28
2021-10-13,,20,22,33,32,18,24,23
2021-10-14,,27,36,31,33,19,26,25
2021-10-15,,30,19,29,33,18,29,42
2021-10-16,,29,21,27,28,21,27,32
2021-10-17,,26,30,28,26,16,25,25
2021-10-18,,25,18,33,33,15,26,29
2021-10-19,,25,21,39,39,15,26,35
2021-10-20,,37,24,39,33,18,36,45
2021-10-21,,41,20,39,35,18,39,39
2021-10-22,,31,23,34,30,27,28,32
2021-10-23,,27,21,26,28,20,24,24
2021-10-24,,25,26,22,24,17,24,23
2021-10-25,,28,17,33,32,17,27,25
2021-10-26,,29,21,33,37,23,31,24
2021-10-27,,29,26,34,35,21,32,29
2021-10-28,,29,18,41,39,17,32,25
2021-10-29,,39,25,37,40,17,39,24
2021-10-30,,31,19,22,25,16,32,21
2021-10-31,,28,29,29,27,16,28,21
2021-11-01,,30,18,31,40,15,30,21
2021-11-02,,34,18,36,43,19,37,24
2021-11-03,,38,20,31,38,25,38,22
2021-11-04,,34,27,40,37,28,36,22
2021-11-05,,29,18,37,36,20,33,20
2021-11-06,,26,21,23,27,18,27,19
2021-11-07,,29,27,20,27,35,29,19
2021-11-08,,42,22,34,38,48,42,30
2021-11-09,,43,19,40,39,31,41,34
2021-11-10,,37,20,37,43,27,38,29
2021-11-11,,32,20,42,40,21,33,25
2021-11-12,,32,28,33,36,19,30,23
2021-11-13,,28,26,24,23,33,29,21
2021-11-14,,29,31,30,29,31,28,20
2021-11-15,,29,22,39,34,35,31,22
2021-11-16,,36,21,55,41,32,35,31
2021-11-17,,32,25,37,41,54,32,26
2021-11-18,,33,30,44,38,47,32,26
2021-11-19,,30,23,31,34,36,29,27
2021-11-20,,27,40,26,23,71,26,22
2021-11-21,,26,31,18,25,100,27,20
2021-11-22,,28,30,43,31,74,28,24
2021-11-23,,28,32,42,34,64,28,25
2021-11-24,,27,24,37,33,61,28,22
2021-11-25,,27,28,36,29,47,29,21
2021-11-26,,30,24,36,28,47,28,31
2021-11-27,,27,35,25,26,41,23,24
2021-11-28,,24,32,29,24,39,26,22
2021-11-29,,27,22,37,37,36,29,24
2021-11-30,,30,24,43,44,38,33,24
2021-12-01,,33,25,38,43,39,33,23
2021-12-02,,27,38,42,36,38,25,20
2021-12-03,,26,31,34,32,39,26,23
2021-12-04,,35,26,39,29,39,38,53
2021-12-05,,32,35,32,28,39,28,35
2021-12-06,,30,23,40,32,37,30,33
2021-12-07,,28,29,36,33,33,29,28
2021-12-08,,26,25,40,32,31,27,24
2021-12-09,,27,33,40,32,29,28,27
2021-12-10,,24,26,32,34,26,27,26
2021-12-11,,24,39,25,16,27,27,23
2021-12-12,,24,48,26,25,24,26,21
2021-12-13,,27,33,39,38,26,27,27
2021-12-14,,29,26,40,30,26,30,28
2021-12-15,,28,37,33,28,49,29,26
2021-12-16,,26,27,31,31,50,27,24
2021-12-17,,24,35,32,34,52,29,24
2021-12-18,,23,28,23,22,48,26,22
2021-12-19,,22,24,21,20,41,25,21
2021-12-20,,25,23,41,30,45,25,25
2021-12-21,,24,21,33,33,42,25,24
2021-12-22,,23,21,31,33,37,26,24
2021-12-23,,23,20,31,29,36,26,24
2021-12-24,,23,23,31,27,34,26,25
2021-12-25,,23,20,27,23,30,25,22
2021-12-26,,22,23,27,23,30,28,22
2021-12-27,,23,26,29,35,30,25,22
2021-12-28,,24,27,39,36,28,24,25
2021-12-29,,24,26,40,35,26,26,24
2021-12-30,,24,26,41,33,27,28,23
2021-12-31,,22,24,33,25,28,23,22
2022-01-01,,23,26,20,26,31,33,25
2022-01-02,,25,32,32,36,38,39,23
2022-01-03,,25,27,40,37,34,42,25
2022-01-04,,58,54,96,100,69,86,59
2022-01-05,,21,30,41,37,29,36,23
2022-01-06,,29,24,56,44,30,42,33
2022-01-07,,37,36,59,46,40,54,40
2022-01-08,,33,34,30,29,37,48,34
2022-01-09,,31,41,37,34,37,50,31
2022-01-10,,31,30,43,42,32,49,35
2022-01-11,,29,36,50,47,30,49,31
2022-01-12,,29,31,48,46,33,48,30
2022-01-13,,57,49,100,99,62,100,56
2022-01-14,19.0,19,6,24,36,33,27,16
2022-01-15,19.0,21,10,25,36,44,31,19
2022-01-16,35.0,41,17,36,61,77,59,33
2022-01-17,18.0,19,8,29,40,40,27,16
2022-01-18,19.0,20,6,33,34,34,28,18
2022-01-19,19.0,20,6,38,46,34,31,18
2022-01-20,20.0,21,9,38,48,34,30,18
2022-01-21,39.0,34,9,40,46,46,41,36
2022-01-22,53.0,43,8,46,39,55,48,50
2022-01-23,37.0,37,9,25,32,47,41,37
2022-01-24,100.0,100,15,100,100,100,100,100
2022-01-25,32.0,30,8,38,42,40,35,29
2022-01-26,31.0,27,6,40,67,44,33,29
2022-01-27,27.0,24,11,39,45,36,32,26
2022-01-28,28.0,26,8,40,46,39,32,25
2022-01-29,25.0,23,12,32,35,43,32,23
2022-01-30,24.0,22,8,27,32,40,31,21
2022-01-31,25.0,24,9,39,43,38,32,23
2022-02-01,26.0,26,7,38,46,37,35,23
2022-02-02,24.0,24,9,33,48,36,33,21
2022-02-03,24.0,22,6,38,47,32,30,21
2022-02-04,25.0,28,6,35,49,41,37,26
2022-02-05,26.0,27,7,22,38,38,38,26
2022-02-06,22.0,22,7,29,37,35,31,21
2022-02-07,28.0,27,8,37,48,47,37,30
2022-02-08,26.0,26,8,35,43,47,35,26
2022-02-09,25.0,23,7,30,47,41,31,22
2022-02-10,20.0,20,6,35,40,36,29,20
2022-02-11,23.0,22,9,38,45,36,30,22
2022-02-12,20.0,19,6,25,39,36,26,21
2022-02-13,19.0,19,7,23,31,35,28,18
2022-02-14,20.0,20,7,35,37,30,29,20
2022-02-15,22.0,23,7,34,41,43,29,22
2022-02-16,19.0,21,9,35,43,52,29,19
2022-02-17,22.0,20,9,35,42,44,27,21
2022-02-18,22.0,19,7,33,42,41,27,22
2022-02-19,19.0,18,9,22,30,39,27,19
2022-02-20,21.0,20,8,24,32,33,28,22
2022-02-21,23.0,21,8,34,39,36,28,24
2022-02-22,25.0,22,7,38,40,35,28,25
2022-02-23,21.0,19,7,37,43,39,27,21
2022-02-24,42.0,32,7,36,38,40,33,40
2022-02-25,30.0,22,9,27,36,30,25,26
2022-02-26,22.0,18,9,21,29,37,24,22
2022-02-27,22.0,20,9,23,30,31,25,23
2022-02-28,26.0,22,6,31,34,37,27,28
2022-03-01,29.0,23,7,27,33,43,27,31
2022-03-02,26.0,20,8,38,39,36,25,25
2022-03-03,23.0,18,6,30,38,35,21,21
2022-03-04,22.0,18,7,29,35,34,23,23
2022-03-05,20.0,16,7,20,27,26,19,20
2022-03-06,19.0,15,9,25,28,31,20,19
2022-03-07,23.0,19,6,35,40,31,23,24
2022-03-08,21.0,16,9,34,40,27,21,20
2022-03-09,24.0,20,7,38,43,37,22,25
2022-03-10,22.0,16,6,36,43,28,22,21
2022-03-11,20.0,16,7,33,37,32,20,19
2022-03-12,18.0,14,6,22,29,28,18,18
2022-03-13,17.0,14,8,21,29,29,18,17
2022-03-14,19.0,15,8,26,36,36,20,19
2022-03-15,18.0,15,7,31,38,34,19,18
2022-03-16,19.0,17,8,31,44,30,20,21
2022-03-17,19.0,17,7,35,41,43,24,20
2022-03-18,18.0,18,9,27,39,44,24,17
2022-03-19,17.0,18,8,21,30,45,21,18
2022-03-20,15.0,16,7,19,28,36,21,16
2022-03-21,16.0,16,8,33,39,39,21,17
2022-03-22,19.0,21,9,37,36,43,23,20
2022-03-23,17.0,18,7,31,38,36,22,17
2022-03-24,19.0,19,8,31,44,38,23,20
2022-03-25,19.0,19,7,31,38,35,23,21
2022-03-26,17.0,17,8,20,31,29,19,17
2022-03-27,18.0,18,8,19,28,30,21,20
2022-03-28,22.0,24,8,33,41,41,27,25
2022-03-29,20.0,23,7,31,41,37,26,22
2022-03-30,19.0,19,8,30,42,36,24,19
2022-03-31,18.0,18,7,30,41,37,22,20
2022-04-01,18.0,17,7,28,37,32,23,19
2022-04-02,16.0,18,10,20,32,38,22,17
2022-04-03,16.0,17,6,20,30,30,22,16
2022-04-04,17.0,18,6,30,43,30,22,17
2022-04-05,17.0,16,6,27,40,25,22,17
2022-04-06,20.0,18,7,32,45,27,22,20
2022-04-07,17.0,16,6,36,40,32,21,17
2022-04-08,17.0,16,7,34,42,33,21,17
2022-04-09,15.0,14,8,21,28,28,19,16
2022-04-10,14.0,14,9,22,26,26,19,15
2022-04-11,20.0,17,6,34,38,35,21,22
2022-04-12,18.0,16,5,34,40,27,19,20
2022-04-13,17.0,15,6,35,40,27,19,18
2022-04-14,16.0,15,10,26,38,28,19,17
2022-04-15,15.0,14,8,24,26,28,17,16
2022-04-16,14.0,13,7,18,27,25,16,15
2022-04-17,13.0,12,9,20,25,25,18,14
2022-04-18,17.0,15,7,31,35,28,19,19
2022-04-19,15.0,15,8,27,34,26,18,17
2022-04-20,14.0,14,6,31,44,24,18,16
2022-04-21,15.0,14,8,28,41,24,19,17
2022-04-22,15.0,14,6,31,34,20,19,16
2022-04-23,13.0,12,8,24,26,23,16,15
2022-04-24,13.0,12,8,22,25,23,16,14
2022-04-25,16.0,13,6,35,35,24,20,18
2022-04-26,16.0,15,6,31,39,24,20,18
2022-04-27,15.0,14,8,33,39,22,18,17
2022-04-28,16.0,13,6,32,38,24,17,16
2022-04-29,16.0,13,8,32,36,25,17,16
2022-04-30,14.0,12,9,27,30,34,17,17
2022-05-01,15.0,14,6,26,27,26,23,17
2022-05-02,15.0,13,6,33,34,23,19,17
2022-05-03,15.0,13,8,29,28,25,19,16
2022-05-04,15.0,13,17,27,31,29,19,18
2022-05-05,19.0,14,8,29,39,32,19,21
2022-05-06,20.0,14,18,30,31,33,18,23
2022-05-07,15.0,12,14,19,22,25,16,19
2022-05-08,18.0,14,10,21,24,29,17,23
2022-05-09,32.0,22,8,37,31,37,25,40
2022-05-10,32.0,19,16,41,42,34,23,35
2022-05-11,37.0,24,7,45,41,77,27,45
2022-05-12,55.0,37,7,45,43,57,36,58
2022-05-13,42.0,27,8,39,40,41,27,41
2022-05-14,30.0,19,9,28,32,29,19,30
2022-05-15,25.0,17,10,28,29,29,16,25
2022-05-16,27.0,18,9,33,36,28,18,27
2022-05-17,25.0,17,9,38,40,26,17,23
2022-05-18,24.0,17,21,34,36,23,17,23
2022-05-19,24.0,16,8,36,38,27,17,23
2022-05-20,22.0,15,19,32,33,24,15,22
2022-05-21,19.0,14,10,22,25,21,14,19
2022-05-22,19.0,13,21,23,23,22,13,19
2022-05-23,21.0,14,9,37,37,22,15,20
2022-05-24,20.0,14,22,34,32,23,15,20
2022-05-25,19.0,13,11,35,36,23,14,18
2022-05-26,18.0,16,27,35,39,37,18,20
2022-05-27,20.0,18,14,29,28,38,18,20
2022-05-28,17.0,14,31,18,19,26,14,17
2022-05-29,15.0,13,10,20,23,28,14,16
2022-05-30,19.0,15,9,25,30,28,14,21
2022-05-31,20.0,16,13,32,35,25,17,22
2022-06-01,17.0,13,33,28,31,21,15,19
2022-06-02,17.0,13,12,32,34,20,14,17
2022-06-03,16.0,13,31,27,34,19,15,17
2022-06-04,15.0,11,15,23,23,19,13,15
2022-06-05,15.0,11,38,23,23,22,14,15
2022-06-06,17.0,13,15,33,35,21,14,19
2022-06-07,19.0,13,45,32,35,20,15,19
2022-06-08,16.0,13,10,30,36,18,14,17
2022-06-09,16.0,12,8,28,36,18,15,15
2022-06-10,16.0,13,7,30,33,16,15,17
2022-06-11,16.0,21,7,21,26,20,20,18
2022-06-12,20.0,22,12,19,21,28,22,23
2022-06-13,53.0,41,9,34,35,37,39,58
2022-06-14,52.0,33,9,38,37,27,30,49
2022-06-15,50.0,33,17,38,39,27,29,48
2022-06-16,42.0,29,56,38,34,20,23,40
2022-06-17,36.0,23,13,36,33,18,19,34
2022-06-18,52.0,39,21,22,21,23,31,59
2022-06-19,51.0,33,60,27,25,22,25,52
2022-06-20,41.0,26,20,30,29,21,21,39
2022-06-21,34.0,22,47,36,39,21,17,34
2022-06-22,31.0,19,17,32,32,18,15,30
2022-06-23,28.0,18,59,37,34,18,14,26
2022-06-24,26.0,17,23,35,33,22,17,25
2022-06-25,22.0,16,76,22,23,24,14,22
2022-06-26,21.0,15,28,20,24,21,14,21
2022-06-27,24.0,16,100,29,35,19,14,23
2022-06-28,22.0,15,15,29,38,16,13,21
2022-06-29,23.0,16,9,35,31,17,14,24
2022-06-30,28.0,19,13,27,33,17,16,28
2022-07-01,26.0,17,9,28,32,16,14,26
2022-07-02,23.0,14,7,15,20,16,11,21
2022-07-03,22.0,14,7,19,19,16,12,21
2022-07-04,23.0,15,8,26,23,19,13,22
2022-07-05,24.0,15,6,32,31,17,14,23
2022-07-06,22.0,14,6,30,35,17,13,20
2022-07-07,21.0,15,7,31,34,20,14,21
2022-07-08,21.0,14,7,30,33,16,13,21
2022-07-09,17.0,11,6,18,24,14,12,18
2022-07-10,18.0,12,6,15,20,14,13,18
2022-07-11,21.0,13,10,31,31,14,13,19
2022-07-12,21.0,13,8,33,34,14,13,19
2022-07-13,21.0,14,8,33,35,15,13,21
2022-07-14,19.0,13,8,31,32,16,12,20
2022-07-15,18.0,14,6,32,33,16,13,19
2022-07-16,17.0,15,6,20,22,16,14,17
2022-07-17,17.0,17,6,20,21,20,16,17
2022-07-18,21.0,24,5,34,37,22,22,21
2022-07-19,20.0,23,5,33,37,22,20,23
2022-07-20,22.0,21,5,39,39,21,19,24
2022-07-21,24.0,18,5,27,39,17,15,24
2022-07-22,20.0,17,5,31,33,17,15,19
2022-07-23,17.0,15,5,22,23,16,13,17
2022-07-24,16.0,15,5,22,25,14,13,15
2022-07-25,18.0,16,5,35,34,15,12,18
2022-07-26,18.0,16,5,28,30,18,14,18
2022-07-27,17.0,16,4,28,32,18,13,19
2022-07-28,18.0,19,5,30,36,19,16,20
2022-07-29,17.0,18,4,32,35,17,15,19
2022-07-30,16.0,16,4,22,24,14,15,18
2022-07-31,15.0,15,4,15,23,16,13,16
2022-08-01,17.0,16,4,31,34,15,13,17
2022-08-02,16.0,16,4,28,32,13,14,17
2022-08-03,16.0,15,4,30,34,16,13,17
2022-08-04,15.0,15,4,28,37,13,14,17
2022-08-05,15.0,14,4,33,36,13,12,16
2022-08-06,13.0,13,4,21,26,21,11,14
2022-08-07,13.0,12,4,19,23,27,12,14
2022-08-08,16.0,16,4,30,35,33,15,18
2022-08-09,15.0,15,4,23,27,22,15,17
2022-08-10,15.0,17,4,33,34,22,15,16
2022-08-11,17.0,21,4,31,39,24,19,19
2022-08-12,14.0,17,4,38,35,17,15,16
2022-08-13,13.0,19,5,18,21,18,16,16
2022-08-14,14.0,17,4,21,29,16,15,16
2022-08-15,14.0,18,4,32,33,17,15,16
2022-08-16,14.0,16,4,32,39,15,14,15
2022-08-17,15.0,16,4,33,31,17,15,16
2022-08-18,13.0,15,4,28,37,14,14,14
2022-08-19,18.0,18,4,34,36,19,16,21
2022-08-20,14.0,16,4,24,26,15,15,17
2022-08-21,13.0,14,4,22,25,15,13,15
2022-08-22,16.0,15,4,39,32,14,14,16
2022-08-23,14.0,14,4,38,38,16,14,15
2022-08-24,13.0,14,4,32,38,12,13,14
2022-08-25,14.0,14,4,32,33,13,13,13
2022-08-26,14.0,15,4,33,34,12,14,15
2022-08-27,14.0,14,4,22,22,15,13,17
2022-08-28,13.0,13,6,22,17,20,12,16
2022-08-29,16.0,14,4,35,33,46,15,18
2022-08-30,16.0,15,4,31,38,24,15,16
2022-08-31,14.0,13,4,28,31,16,14,14
2022-09-01,14.0,13,4,33,35,16,13,15
2022-09-02,14.0,12,4,26,31,13,13,14
2022-09-03,12.0,12,4,21,19,12,13,13
2022-09-04,12.0,11,4,19,24,12,12,13
2022-09-05,14.0,14,4,24,29,13,15,14
2022-09-06,15.0,17,4,25,32,16,19,16
2022-09-07,16.0,16,4,28,36,14,18,18
2022-09-08,14.0,15,4,30,30,12,17,15
2022-09-09,15.0,16,4,33,34,15,17,18
2022-09-10,14.0,15,4,21,27,12,14,15
2022-09-11,13.0,17,4,19,25,12,15,14
2022-09-12,44.0,35,12,76,72,36,29,43
2022-09-13,49.0,42,11,84,70,33,36,49
2022-09-14,48.0,56,12,88,76,29,49,44
2022-09-15,45.0,100,11,90,79,28,100,42
2022-09-16,47.0,49,11,89,65,27,40,42
2022-09-17,39.0,31,12,64,41,27,26,36
2022-09-18,41.0,29,12,66,45,27,23,37
2022-09-19,54.0,35,11,82,68,30,33,51
2022-09-20,49.0,31,13,78,70,29,26,42
2022-09-21,50.0,28,14,86,73,33,25,45
2022-09-22,47.0,27,12,79,62,33,22,44
2022-09-23,47.0,24,12,100,70,28,19,40
2022-09-24,41.0,21,13,49,47,26,18,36
2022-09-25,38.0,19,14,56,43,22,18,34
2022-09-26,43.0,21,16,86,69,25,18,40
2022-09-27,46.0,22,14,86,68,27,19,44
2022-09-28,44.0,20,15,87,78,24,17,41
2022-09-29,43.0,20,13,83,69,24,19,39
2022-09-30,41.0,18,13,74,67,24,17,39
2022-10-01,35.0,14,15,45,49,20,14,32
2022-10-02,34.0,14,14,51,41,20,14,31
2022-10-03,42.0,18,14,73,60,26,15,35
2022-10-04,40.0,19,18,74,68,27,16,38
2022-10-05,39.0,17,18,77,60,23,14,36
2022-10-06,38.0,17,20,81,74,21,16,34
2022-10-07,38.0,15,17,77,68,25,17,35
2022-10-08,32.0,13,16,49,42,22,14,30
2022-10-09,32.0,13,15,50,47,19,13,29
2022-10-10,37.0,14,14,80,62,23,17,34
2022-10-11,38.0,16,17,90,66,28,14,35
2022-10-12,36.0,15,21,64,66,28,16,34
2022-10-13,40.0,17,42,80,69,27,16,41
2022-10-14,39.0,15,27,77,63,30,16,36
2022-10-15,33.0,12,16,54,49,24,13,31
2022-10-16,31.0,13,14,45,43,21,13,27
2022-10-17,36.0,15,15,79,68,26,15,32
2022-10-18,36.0,14,22,84,69,28,15,32
2022-10-19,37.0,13,18,72,63,25,14,31
2022-10-20,35.0,13,24,78,68,27,16,32
2022-10-21,35.0,13,18,69,59,28,16,33
2022-10-22,30.0,12,25,40,38,20,12,27
2022-10-23,29.0,12,23,42,35,23,13,28
2022-10-24,35.0,14,14,59,54,23,15,30
2022-10-25,37.0,18,16,69,55,24,19,35
2022-10-26,40.0,23,24,66,56,31,22,40
2022-10-27,38.0,19,15,78,60,24,17,35
2022-10-28,36.0,19,17,70,64,31,15,34
2022-10-29,36.0,19,22,36,38,32,16,34
2022-10-30,32.0,17,20,57,48,27,15,31
2022-10-31,37.0,21,14,75,59,34,17,35
2022-11-01,34.0,17,14,72,75,34,16,32
2022-11-02,35.0,17,14,91,69,26,16,36
2022-11-03,36.0,16,14,83,63,27,15,33
2022-11-04,37.0,18,25,78,68,31,16,36
2022-11-05,34.0,16,26,46,46,31,15,34
2022-11-06,31.0,13,15,44,45,25,13,29
2022-11-07,36.0,16,16,78,72,27,16,33
2022-11-08,54.0,23,14,74,65,36,21,61
2022-11-09,94.0,35,14,87,65,46,31,99
2022-11-10,100.0,34,16,92,69,47,29,100
2022-11-11,85.0,28,23,78,68,36,21,74
2022-11-12,75.0,24,16,57,47,34,18,64
2022-11-13,70.0,23,23,48,44,39,17,61
2022-11-14,80.0,25,17,73,62,35,20,71
2022-11-15,67.0,22,23,91,72,31,18,57
2022-11-16,63.0,20,15,87,68,27,16,54
2022-11-17,60.0,21,15,87,78,31,17,48
2022-11-18,56.0,19,20,87,70,24,15,45
2022-11-19,47.0,14,17,55,44,25,14,39
2022-11-20,45.0,16,20,48,43,24,15,36
2022-11-21,58.0,22,15,76,69,29,19,51
2022-11-22,56.0,20,20,68,63,26,16,49
2022-11-23,49.0,18,15,77,66,23,16,43
2022-11-24,41.0,15,21,56,53,23,15,38
2022-11-25,42.0,13,18,57,46,19,13,37
2022-11-26,39.0,14,18,43,39,16,13,33
2022-11-27,39.0,12,23,37,45,19,12,31
2022-11-28,45.0,15,15,71,51,21,15,41
2022-11-29,45.0,16,17,80,61,21,15,37
2022-11-30,45.0,16,20,69,61,23,15,38
2022-12-01,42.0,14,15,74,65,21,15,37
2022-12-02,39.0,13,20,65,58,23,13,34
2022-12-03,36.0,12,17,39,40,28,12,32
2022-12-04,35.0,11,23,49,44,21,12,31
2022-12-05,40.0,15,15,61,56,27,13,37
2022-12-06,39.0,12,21,78,58,22,13,34
2022-12-07,39.0,13,17,85,62,20,14,35
2022-12-08,40.0,14,24,82,66,20,14,35
2022-12-09,36.0,12,16,66,53,20,13,30
2022-12-10,31.0,10,22,47,38,20,11,28
2022-12-11,35.0,11,24,53,43,19,12,30
2022-12-12,39.0,13,18,78,61,18,12,34
2022-12-13,44.0,15,18,63,63,33,15,41
2022-12-14,42.0,15,21,72,63,27,15,41
2022-12-15,41.0,12,18,72,61,24,14,37
2022-12-16,42.0,13,22,75,53,21,16,39
2022-12-17,37.0,12,17,48,39,22,13,36
2022-12-18,33.0,11,19,35,30,19,12,29
2022-12-19,38.0,12,16,71,54,21,14,35
2022-12-20,39.0,13,23,92,64,23,14,35
2022-12-21,39.0,13,17,93,63,17,14,34
2022-12-22,39.0,13,26,67,54,17,13,33
2022-12-23,37.0,13,17,78,50,18,13,32
2022-12-24,34.0,11,22,52,38,19,10,28
2022-12-25,34.0,12,24,48,41,18,11,29
2022-12-26,35.0,13,25,51,53,17,11,31
2022-12-27,38.0,12,21,77,62,19,11,32
2022-12-28,38.0,12,26,79,56,20,12,32
2022-12-29,36.0,12,20,72,61,26,12,32
2022-12-30,38.0,12,28,75,55,23,12,29
2022-12-31,32.0,10,21,48,36,17,10,27
2023-01-01,35.0,11,31,52,47,22,11,28
2023-01-02,37.0,13,23,65,61,21,12,31
2023-01-03,37.0,12,25,74,59,20,13,32
2023-01-04,38.0,16,17,88,62,27,14,33
2023-01-05,37.0,13,17,87,66,24,14,31
2023-01-06,36.0,12,23,84,67,20,13,30
2023-01-07,32.0,11,18,53,47,18,12,29
2023-01-08,31.0,10,26,47,46,19,12,28
2023-01-09,37.0,14,19,75,75,28,16,37
2023-01-10,39.0,14,22,84,67,22,15,32
2023-01-11,38.0,13,27,90,70,75,15,35
2023-01-12,45.0,19,25,87,69,100,17,50
2023-01-13,47.0,16,27,75,65,56,16,48
2023-01-14,60.0,22,24,48,52,55,20,67
2023-01-15,46.0,18,28,54,46,38,16,47
2023-01-16,53.0,21,24,76,63,40,18,53
2023-01-17,50.0,20,19,83,69,45,19,47
2023-01-18,46.0,18,17,88,74,36,17,49
2023-01-19,44.0,16,24,84,69,30,15,41
2023-01-20,46.0,17,22,76,63,35,17,46
2023-01-21,52.0,19,29,59,49,39,16,58
2023-01-22,47.0,17,26,56,51,33,15,49
2023-01-23,48.0,18,22,77,74,32,16,47
2023-01-24,46.0,18,21,87,58,33,18,44
2023-01-25,45.0,17,27,84,65,29,16,43
2023-01-26,47.0,16,21,73,68,34,17,43
2023-01-27,42.0,14,24,77,69,42,15,42
2023-01-28,38.0,12,27,49,47,51,14,36
2023-01-29,41.0,14,20,52,46,43,15,41
2023-01-30,43.0,16,20,83,62,37,15,45
2023-01-31,42.0,14,20,90,70,30,14,40
2023-02-01,43.0,14,19,81,64,40,14,44
2023-02-02,48.0,18,17,95,80,57,17,51
2023-02-03,41.0,15,16,94,100,36,15,43
2023-02-04,38.0,14,18,57,65,37,14,38
2023-02-05,38.0,13,20,64,59,46,14,36
2023-02-06,39.0,14,21,89,73,24,15,37
2023-02-07,38.0,14,23,91,79,37,15,36
2023-02-08,38.0,14,25,89,78,31,15,35
2023-02-09,40.0,13,20,90,68,23,14,39
2023-02-10,38.0,13,27,88,66,23,15,39
2023-02-11,34.0,11,21,60,51,23,12,34
2023-02-12,33.0,11,23,56,46,19,14,32
2023-02-13,37.0,12,17,84,61,23,13,36
2023-02-14,36.0,12,17,70,61,20,14,36
2023-02-15,42.0,14,23,72,60,27,15,43
2023-02-16,52.0,19,24,67,66,31,19,54
2023-02-17,46.0,14,21,72,62,25,17,43
2023-02-18,39.0,13,24,48,48,23,15,41
2023-02-19,39.0,15,28,58,50,23,15,37
2023-02-20,40.0,15,20,79,61,33,17,40
2023-02-21,41.0,14,18,82,65,29,18,41
2023-02-22,39.0,13,18,79,64,26,15,39
2023-02-23,37.0,12,18,70,70,22,17,43
2023-02-24,39.0,12,22,76,62,23,15,37
2023-02-25,35.0,10,28,53,37,20,13,35
2023-02-26,34.0,11,30,63,46,20,15,33
2023-02-27,35.0,12,24,73,62,24,16,35
2023-02-28,37.0,13,28,85,63,22,15,33
2023-03-01,34.0,11,22,83,66,22,14,35
2023-03-02,37.0,11,34,73,63,18,14,32
2023-03-03,40.0,13,25,84,63,22,15,42
2023-03-04,35.0,10,29,45,46,19,13,34
2023-03-05,33.0,10,24,62,47,19,12,30
2023-03-06,34.0,11,24,75,64,17,15,33
2023-03-07,34.0,11,17,68,58,18,13,33
2023-03-08,36.0,10,26,77,68,22,14,32
2023-03-09,41.0,11,16,85,64,27,15,39
2023-03-10,50.0,14,21,87,61,26,17,53
2023-03-11,42.0,12,23,52,41,26,15,44
2023-03-12,41.0,12,23,46,38,24,14,39
2023-03-13,60.0,18,20,79,61,29,18,67
2023-03-14,65.0,20,23,86,65,30,20,73
2023-03-15,54.0,17,21,89,70,22,16,55
2023-03-16,48.0,13,26,92,71,24,15,45
2023-03-17,55.0,18,23,81,68,30,18,64
2023-03-18,55.0,18,26,56,48,27,16,62
2023-03-19,55.0,17,19,52,50,27,17,64
2023-03-20,67.0,19,23,83,74,24,17,67
2023-03-21,57.0,19,24,81,72,21,17,60
2023-03-22,59.0,17,20,77,74,27,16,63
2023-03-23,56.0,17,25,86,65,28,18,56
2023-03-24,55.0,16,18,76,59,23,17,54
2023-03-25,44.0,12,26,47,50,18,14,42
2023-03-26,43.0,14,25,49,45,26,15,42
2023-03-27,49.0,14,22,70,60,23,17,48
2023-03-28,47.0,14,23,83,69,19,16,47
2023-03-29,47.0,16,20,84,67,23,16,49
2023-03-30,47.0,15,26,78,62,22,16,52
2023-03-31,46.0,13,16,74,61,20,14,43
2023-04-01,42.0,12,19,51,47,21,14,41
2023-04-02,41.0,11,25,48,47,18,14,40
2023-04-03,44.0,12,17,77,65,17,14,44
2023-04-04,45.0,17,26,69,63,18,17,47
2023-04-05,43.0,19,32,88,67,23,19,48
2023-04-06,44.0,15,21,82,62,22,15,41
2023-04-07,41.0,13,28,52,51,21,16,38
2023-04-08,37.0,12,19,36,38,18,13,37
2023-04-09,37.0,13,44,47,51,17,13,35
2023-04-10,44.0,15,54,74,60,18,17,44
2023-04-11,61.0,21,27,72,70,29,20,66
2023-04-12,53.0,21,31,79,66,22,23,56
2023-04-13,46.0,25,20,87,71,29,25,48
2023-04-14,52.0,30,36,70,61,26,27,52
2023-04-15,44.0,20,33,54,46,26,17,43
2023-04-16,41.0,18,19,51,49,27,17,38
2023-04-17,44.0,19,21,74,68,37,18,46
2023-04-18,45.0,19,23,82,67,33,17,44
2023-04-19,45.0,19,46,90,67,26,19,44
2023-04-20,46.0,17,23,75,63,22,15,43
2023-04-21,45.0,13,46,77,60,23,14,42
2023-04-22,39.0,13,26,47,40,23,14,38
2023-04-23,39.0,12,52,41,42,18,14,37
2023-04-24,45.0,14,24,69,57,20,14,40
2023-04-25,41.0,14,54,76,68,24,15,39
2023-04-26,50.0,16,25,87,67,26,16,49
2023-04-27,42.0,13,51,76,61,16,14,43
2023-04-28,41.0,14,28,70,69,21,13,40
2023-04-29,37.0,11,71,49,47,21,12,34
2023-04-30,36.0,11,41,47,45,16,14,35
2023-05-01,42.0,12,100,68,67,23,15,40
2023-05-02,40.0,12,20,85,61,23,15,39
2023-05-03,41.0,13,15,84,65,26,14,41
2023-05-04,39.0,12,13,82,63,24,15,38
2023-05-05,39.0,14,13,75,62,25,16,36
2023-05-06,36.0,12,12,48,42,22,16,35
2023-05-07,36.0,12,11,42,39,20,16,34
2023-05-08,44.0,12,11,82,70,23,17,45
2023-05-09,41.0,11,11,84,66,18,15,38
2023-05-10,43.0,12,12,82,66,20,16,39
2023-05-11,50.0,46,38,73,63,11,58,39
2023-05-12,49.0,47,36,58,55,11,56,40
2023-05-13,41.0,43,37,48,41,9,47,35
2023-05-14,38.0,39,33,38,47,7,48,31
2023-05-15,43.0,47,37,72,67,10,54,34
2023-05-16,41.0,42,38,56,51,10,55,33
2023-05-17,43.0,44,33,71,64,11,52,34
2023-05-18,44.0,43,35,74,67,10,50,35
2023-05-19,43.0,42,37,69,62,9,50,32
2023-05-20,39.0,36,36,48,39,8,44,30
2023-05-21,39.0,38,37,51,41,9,48,30
2023-05-22,44.0,42,34,67,63,12,51,34
2023-05-23,45.0,41,38,70,74,11,57,32
2023-05-24,43.0,41,33,58,62,11,49,34
2023-05-25,43.0,42,38,63,60,10,48,36
2023-05-26,43.0,41,35,67,64,12,52,31
2023-05-27,36.0,37,35,45,48,9,44,30
2023-05-28,41.0,38,36,41,44,11,46,31
2023-05-29,44.0,44,31,54,55,11,51,34
2023-05-30,43.0,49,35,68,71,11,53,33
2023-05-31,43.0,41,32,64,65,11,47,34
2023-06-01,45.0,43,33,74,74,12,60,34
2023-06-02,41.0,43,35,67,64,10,49,33
2023-06-03,40.0,40,46,46,38,10,46,28
2023-06-04,38.0,49,42,50,48,12,49,31
2023-06-05,48.0,47,34,71,68,12,53,39
2023-06-06,51.0,49,35,64,66,11,52,44
2023-06-07,47.0,47,34,71,74,12,55,37
2023-06-08,45.0,43,35,74,69,10,46,34
2023-06-09,42.0,41,36,72,62,13,48,33
2023-06-10,48.0,45,39,49,49,19,50,41
2023-06-11,46.0,44,34,50,47,14,45,33
2023-06-12,46.0,46,34,66,72,11,53,37
2023-06-13,42.0,44,43,75,76,12,48,34
2023-06-14,46.0,43,38,74,71,12,53,34
2023-06-15,48.0,51,38,71,71,13,56,41
2023-06-16,47.0,45,36,67,77,11,48,36
2023-06-17,43.0,42,35,44,49,9,44,33
2023-06-18,40.0,39,32,47,52,9,45,31
2023-06-19,43.0,41,33,68,59,10,46,34
2023-06-20,46.0,45,33,65,62,12,51,40
2023-06-21,62.0,60,32,84,80,17,61,59
2023-06-22,60.0,55,34,82,78,14,60,51
2023-06-23,58.0,54,31,69,66,14,54,48
2023-06-24,53.0,45,37,68,56,10,46,44
2023-06-25,48.0,49,39,43,50,12,47,40
2023-06-26,53.0,46,39,69,72,12,50,41
2023-06-27,49.0,46,43,68,71,12,49,39
2023-06-28,52.0,45,43,58,65,11,50,39
2023-06-29,46.0,44,43,55,60,9,52,38
2023-06-30,53.0,51,37,69,62,17,53,40
2023-07-01,45.0,43,47,40,48,13,46,36
2023-07-02,47.0,46,44,44,51,12,47,34
2023-07-03,50.0,53,40,76,74,13,62,41
2023-07-04,49.0,50,35,64,65,13,55,40
2023-07-05,48.0,47,34,83,75,11,50,38
2023-07-06,52.0,49,33,73,72,10,52,41
2023-07-07,47.0,44,32,86,73,10,48,39
2023-07-08,43.0,38,36,49,48,16,41,31
2023-07-09,44.0,43,37,53,50,16,44,32
2023-07-10,48.0,46,39,75,75,14,55,38
2023-07-11,48.0,46,34,68,70,10,47,36
2023-07-12,48.0,43,36,84,76,12,49,40
2023-07-13,52.0,52,34,87,80,16,54,44
2023-07-14,56.0,60,38,77,77,22,64,46
2023-07-15,47.0,44,40,59,63,13,46,37
2023-07-16,44.0,44,36,48,51,14,45,34
2023-07-17,47.0,49,38,75,83,11,54,38
2023-07-18,46.0,45,40,90,85,13,61,37
2023-07-19,47.0,47,34,82,79,12,53,35
2023-07-20,48.0,47,36,79,77,12,50,36
2023-07-21,47.0,44,36,72,73,11,49,34
2023-07-22,39.0,39,36,55,59,12,42,29
2023-07-23,43.0,43,35,58,65,11,45,31
2023-07-24,49.0,44,35,79,68,11,52,35
2023-07-25,46.0,43,33,86,75,12,50,34
2023-07-26,46.0,41,38,87,83,10,49,34
2023-07-27,44.0,42,32,82,85,10,47,33
2023-07-28,44.0,42,33,83,80,10,56,32
2023-07-29,42.0,37,36,50,55,7,44,30
2023-07-30,41.0,41,31,49,52,10,44,29
2023-07-31,43.0,43,35,84,83,11,56,31
2023-08-01,44.0,40,32,88,84,11,50,32
2023-08-02,45.0,41,33,92,86,10,48,34
2023-08-03,44.0,46,32,77,69,9,47,31
2023-08-04,46.0,41,33,84,81,10,47,30
2023-08-05,42.0,35,35,42,48,8,41,29
2023-08-06,40.0,35,34,41,53,9,44,31
2023-08-07,43.0,39,30,74,84,9,52,32
2023-08-08,45.0,45,33,83,68,9,51,35
2023-08-09,45.0,42,33,84,68,7,48,35
2023-08-10,44.0,40,32,79,73,9,53,34
2023-08-11,43.0,37,32,84,73,8,46,43
2023-08-12,40.0,34,35,44,45,6,43,35
2023-08-13,41.0,40,35,50,60,9,41,32
2023-08-14,42.0,39,33,84,81,6,47,35
2023-08-15,43.0,35,33,75,67,7,49,34
2023-08-16,43.0,37,36,99,87,11,48,38
2023-08-17,53.0,47,33,100,81,12,60,51
2023-08-18,72.0,49,33,78,75,12,61,61
2023-08-19,55.0,46,34,50,54,10,49,44
2023-08-20,46.0,38,35,50,50,9,47,38
2023-08-21,49.0,42,33,78,76,10,56,42
2023-08-22,49.0,41,34,78,74,17,54,39
2023-08-23,49.0,45,32,86,74,13,51,39
2023-08-24,46.0,38,33,81,81,9,50,38
2023-08-25,45.0,36,37,94,87,12,47,35
2023-08-26,41.0,34,34,40,47,11,41,30
2023-08-27,41.0,36,34,54,51,12,42,31
2023-08-28,43.0,36,36,67,70,10,48,34
2023-08-29,53.0,48,35,85,74,14,57,44
2023-08-30,49.0,40,33,81,77,10,46,39
2023-08-31,46.0,38,33,76,82,10,48,35
2023-09-01,46.0,37,32,81,73,10,51,37
2023-09-02,41.0,34,34,60,51,9,39,30
2023-09-03,40.0,33,39,49,51,8,40,30
2023-09-04,43.0,37,33,67,66,11,46,31
2023-09-05,43.0,37,30,78,75,8,47,30
2023-09-06,42.0,37,34,75,74,9,50,31
2023-09-07,42.0,37,34,83,82,7,47,29
2023-09-08,43.0,35,33,87,78,8,45,32
2023-09-09,39.0,30,34,47,48,5,35,26
2023-09-10,38.0,29,33,49,57,11,39,28
2023-09-11,44.0,40,32,79,77,9,50,33
2023-09-12,41.0,38,35,91,82,8,49,35
2023-09-13,41.0,38,37,85,83,10,48,33
2023-09-14,41.0,38,34,88,82,9,49,32
2023-09-15,39.0,36,31,75,67,8,49,32
2023-09-16,37.0,33,34,54,52,6,42,28
2023-09-17,35.0,30,38,54,51,8,42,28
2023-09-18,41.0,38,36,78,70,10,51,35
2023-09-19,41.0,39,36,63,60,8,52,35
2023-09-20,41.0,37,35,82,72,10,58,34
2023-09-21,41.0,34,37,74,65,12,52,32
2023-09-22,37.0,35,37,81,72,10,51,30
2023-09-23,37.0,32,37,53,43,9,42,25
2023-09-24,34.0,29,45,48,49,8,44,25
2023-09-25,39.0,34,41,77,80,8,47,30
2023-09-26,38.0,36,43,76,74,8,70,29
2023-09-27,38.0,33,37,82,75,9,44,29
2023-09-28,39.0,38,39,83,73,8,53,32
2023-09-29,38.0,38,42,77,76,8,48,30
2023-09-30,35.0,35,35,53,45,9,42,28
2023-10-01,38.0,37,45,46,49,9,43,30
2023-10-02,47.0,46,43,72,67,12,57,40
2023-10-03,41.0,37,39,94,80,14,47,34
2023-10-04,39.0,37,43,86,77,20,48,31
2023-10-05,37.0,35,42,80,73,17,48,32
2023-10-06,38.0,34,45,70,68,21,46,31
2023-10-07,36.0,31,41,40,45,22,39,30
2023-10-08,37.0,31,42,42,45,13,38,39
2023-10-09,40.0,38,42,66,65,13,52,35
2023-10-10,40.0,44,46,67,72,10,46,30
2023-10-11,40.0,38,57,69,72,11,48,31
2023-10-12,40.0,36,92,73,70,11,47,31
2023-10-13,39.0,38,46,63,63,8,44,31
2023-10-14,36.0,31,49,36,39,9,36,27
2023-10-15,36.0,31,82,41,41,8,38,27
2023-10-16,50.0,40,44,64,66,11,54,44
2023-10-17,46.0,37,49,71,72,9,49,37
2023-10-18,43.0,37,81,69,73,9,46,35
2023-10-19,43.0,31,52,68,59,9,45,34
2023-10-20,51.0,38,81,68,59,10,59,46
2023-10-21,45.0,33,55,40,44,11,39,39
2023-10-22,45.0,35,90,46,50,10,40,37
2023-10-23,60.0,50,48,68,68,14,61,60
2023-10-24,100.0,82,55,59,61,22,82,100
2023-10-25,74.0,57,82,71,70,14,62,65
2023-10-26,66.0,55,62,74,66,16,61,58
2023-10-27,57.0,45,69,64,67,12,52,48
2023-10-28,50.0,40,45,40,46,11,44,41
2023-10-29,47.0,44,73,39,43,13,45,40
2023-10-30,52.0,44,44,68,56,14,51,46
2023-10-31,51.0,48,47,83,73,14,55,43
2023-11-01,53.0,48,52,78,66,18,55,42
2023-11-02,59.0,48,81,83,67,19,56,51
2023-11-03,56.0,44,49,67,75,13,51,45
2023-11-04,49.0,40,53,44,46,14,47,36
2023-11-05,50.0,50,82,41,46,17,53,41
2023-11-06,51.0,51,45,74,81,16,59,43
2023-11-07,52.0,47,52,70,80,15,56,43
2023-11-08,54.0,49,87,59,65,15,58,41
2023-11-09,71.0,88,52,68,75,22,92,70
2023-11-10,66.0,98,80,67,72,27,96,55
2023-11-11,57.0,69,59,40,52,36,66,45
2023-11-12,51.0,56,90,48,51,62,60,40
2023-11-13,54.0,64,65,73,75,35,60,46
2023-11-14,59.0,65,89,84,70,28,66,46
2023-11-15,57.0,62,62,73,74,48,64,47
2023-11-16,56.0,58,85,66,73,68,62,48
2023-11-17,52.0,52,53,64,64,51,60,45
2023-11-18,48.0,44,63,45,53,41,52,37
2023-11-19,46.0,47,78,48,62,35,51,36
2023-11-20,52.0,54,56,70,93,34,71,47
2023-11-21,53.0,51,76,68,73,36,61,48
2023-11-22,54.0,54,53,76,77,32,64,44
2023-11-23,48.0,53,79,65,70,25,61,42
2023-11-24,52.0,52,61,57,70,27,62,45
2023-11-25,47.0,45,100,34,52,24,51,37
2023-11-26,45.0,46,95,41,45,21,51,37
2023-11-27,47.0,45,61,60,68,19,55,38
2023-11-28,50.0,48,79,65,78,20,61,41
2023-11-29,49.0,51,53,71,81,19,58,43
2023-11-30,47.0,44,59,78,79,20,58,39
2023-12-01,53.0,52,73,60,78,24,61,46
2023-12-02,53.0,57,59,46,52,23,63,47
2023-12-03,56.0,58,82,47,55,22,67,51
2023-12-04,93.0,100,75,73,86,31,100,91
2023-12-05,90.0,91,54,77,88,30,86,85
2023-12-06,84.0,88,70,85,100,50,87,79
2023-12-07,72.0,80,55,71,88,35,81,66
2023-12-08,71.0,98,73,83,85,58,86,62
2023-12-09,67.0,83,67,56,60,81,73,54
2023-12-10,54.0,66,83,57,63,74,67,46
2023-12-11,72.0,76,66,80,75,78,69,66
2023-12-12,61.0,61,88,89,82,100,65,53
2023-12-13,61.0,63,61,90,88,64,69,53
2023-12-14,61.0,65,86,82,90,61,72,53
2023-12-15,57.0,56,57,66,82,61,66,49
2023-12-16,53.0,54,72,52,65,79,63,45
2023-12-17,51.0,47,86,49,56,63,57,43
2023-12-18,58.0,54,76,71,79,61,66,51
2023-12-19,60.0,57,56,76,92,53,65,50
2023-12-20,60.0,57,80,87,80,61,70,54
2023-12-21,62.0,57,58,94,82,64,68,55
2023-12-22,61.0,65,84,72,74,63,71,52
2023-12-23,56.0,55,62,54,58,49,57,46
2023-12-24,54.0,57,82,40,49,58,59,45
2023-12-25,53.0,60,52,54,54,50,59,48
2023-12-26,61.0,56,53,79,84,46,60,51
2023-12-27,61.0,63,56,86,81,44,66,50
2023-12-28,58.0,70,91,69,78,48,72,48
2023-12-29,57.0,65,97,84,98,38,65,49
2023-12-30,52.0,52,97,50,52,38,62,44
2023-12-31,47.0,55,76,49,53,32,54,40
2024-01-01,57.0,57,83,60,68,42,57,45
2024-01-02,85.0,82,65,79,88,45,76,77
2024-01-03,95.0,74,78,92,83,40,74,76
2024-01-04,75.0,63,61,92,88,35,66,63
2024-01-05,78.0,58,85,93,83,33,64,62
2024-01-06,64.0,51,90,51,60,33,58,52
2024-01-07,37.0,22,20,37,44,42,20,27
2024-01-08,48.0,25,17,63,65,55,22,45
2024-01-09,57.0,28,24,57,80,50,24,50
2024-01-10,84.0,39,46,71,75,49,35,63
2024-01-11,90.0,58,72,69,77,63,46,69
2024-01-12,60.0,46,31,54,71,47,34,44
2024-01-13,47.0,32,26,44,51,35,24,35
2024-01-14,38.0,27,32,40,46,38,21,27
2024-01-15,39.0,28,24,52,61,39,23,30
2024-01-16,38.0,29,26,62,75,38,23,29
2024-01-17,32.0,25,27,71,71,32,22,27
2024-01-18,35.0,24,18,69,72,35,22,28
2024-01-19,37.0,24,26,67,68,35,20,29
2024-01-20,30.0,19,24,51,56,30,18,23
2024-01-21,28.0,20,19,38,49,29,21,21
2024-01-22,35.0,21,17,60,63,39,21,29
2024-01-23,41.0,26,16,74,67,45,23,34
2024-01-24,34.0,21,18,71,77,38,20,28
2024-01-25,32.0,20,25,59,68,30,20,24
2024-01-26,34.0,19,20,56,56,35,21,28
2024-01-27,26.0,17,28,47,49,32,19,23
2024-01-28,25.0,18,17,44,56,40,18,20
2024-01-29,27.0,19,15,61,69,33,21,25
2024-01-30,31.0,22,15,70,76,38,24,25
2024-01-31,28.0,19,13,70,75,28,22,23
2024-02-01,26.0,19,14,64,71,25,22,23
2024-02-02,27.0,18,15,68,74,35,21,23
2024-02-03,23.0,15,15,41,49,24,19,20
2024-02-04,23.0,16,15,54,49,27,19,20
2024-02-05,26.0,20,18,62,67,27,21,21
2024-02-06,26.0,19,27,70,70,22,23,20
2024-02-07,25.0,20,23,73,79,30,25,22
2024-02-08,30.0,21,18,72,74,30,25,27
2024-02-09,38.0,25,21,69,73,36,27,35
2024-02-10,30.0,21,19,43,46,39,23,27
2024-02-11,32.0,23,20,40,46,42,27,29
2024-02-12,42.0,26,16,71,69,35,28,41
2024-02-13,44.0,30,18,82,85,39,30,43
2024-02-14,48.0,35,22,68,82,47,30,46
2024-02-15,46.0,38,17,87,82,44,31,43
2024-02-16,39.0,31,22,67,84,36,26,35
2024-02-17,33.0,22,18,41,55,28,23,30
2024-02-18,33.0,23,22,46,55,37,24,27
2024-02-19,35.0,36,21,57,68,39,35,32
2024-02-20,35.0,37,17,67,78,33,34,31
2024-02-21,33.0,31,23,78,72,36,34,31
2024-02-22,32.0,32,19,71,81,32,32,28
2024-02-23,31.0,26,24,67,72,39,27,27
2024-02-24,28.0,25,20,49,50,30,26,25
2024-02-25,27.0,30,40,40,52,30,31,25
2024-02-26,37.0,41,26,67,74,33,39,37
2024-02-27,61.0,54,21,73,86,41,49,61
2024-02-28,96.0,66,25,82,85,53,61,92
2024-02-29,88.0,63,19,76,82,55,57,80
2024-03-01,60.0,49,25,74,85,45,48,54
2024-03-02,50.0,42,24,50,71,48,34,42
2024-03-03,48.0,38,24,50,58,47,37,43
2024-03-04,88.0,61,20,76,94,63,56,86
2024-03-05,100.0,73,26,88,100,67,66,100
2024-03-06,77.0,66,22,82,85,54,58,71
2024-03-07,64.0,56,33,66,82,50,50,55
2024-03-08,64.0,61,22,64,71,51,52,61
2024-03-09,56.0,49,31,50,62,49,42,49
2024-03-10,56.0,51,20,52,65,47,40,50
2024-03-11,84.0,70,19,85,84,67,57,77
2024-03-12,73.0,60,22,78,78,100,51,63
2024-03-13,68.0,64,26,86,84,83,55,61
2024-03-14,63.0,52,28,77,83,70,46,56
2024-03-15,69.0,49,19,77,86,74,43,63
2024-03-16,53.0,37,20,42,55,82,31,49
2024-03-17,50.0,40,26,57,59,62,31,47
2024-03-18,51.0,41,18,73,74,98,36,44
2024-03-19,68.0,46,19,75,73,73,43,59
2024-03-20,63.0,49,25,82,78,64,44,56
2024-03-21,55.0,40,16,82,85,54,38,45
2024-03-22,48.0,34,18,66,71,48,30,40
2024-03-23,41.0,28,27,45,50,40,28,35
2024-03-24,42.0,28,31,51,53,42,28,34
2024-03-25,53.0,39,17,56,59,53,34,48
2024-03-26,49.0,36,18,58,76,49,32,42
2024-03-27,50.0,34,28,76,75,45,33,42
2024-03-28,47.0,33,18,56,79,47,34,41
2024-03-29,46.0,28,28,55,64,41,29,35
2024-03-30,36.0,24,21,38,47,37,26,33
2024-03-31,39.0,25,24,42,48,39,28,32
2024-04-01,43.0,29,21,64,70,39,26,37
2024-04-02,52.0,30,24,75,72,43,30,44
2024-04-03,46.0,27,17,71,75,34,25,37
2024-04-04,43.0,25,19,69,73,30,27,37
2024-04-05,41.0,24,24,74,78,31,25,35
2024-04-06,36.0,21,27,42,51,31,23,29
2024-04-07,36.0,21,19,39,52,28,22,31
2024-04-08,47.0,33,25,64,68,37,31,42
2024-04-09,42.0,27,16,68,67,32,29,36
2024-04-10,42.0,27,24,66,75,29,27,36
2024-04-11,43.0,25,16,56,63,29,26,34
2024-04-12,45.0,26,16,62,63,35,25,42
2024-04-13,52.0,28,27,51,53,42,28,50
2024-04-14,59.0,27,31,48,53,41,30,54
2024-04-15,54.0,28,18,69,62,34,30,45
2024-04-16,50.0,26,14,58,68,32,27,43
2024-04-17,51.0,24,15,59,62,28,26,45
2024-04-18,56.0,24,18,77,73,25,24,45
2024-04-19,81.0,24,30,66,62,30,26,64
2024-04-20,72.0,23,18,47,47,29,24,59
2024-04-21,44.0,23,30,42,50,25,21,36
2024-04-22,45.0,24,37,69,64,26,22,39
2024-04-23,38.0,20,22,64,65,22,23,34
2024-04-24,38.0,23,43,61,69,25,24,32
2024-04-25,38.0,20,19,65,66,30,23,32
2024-04-26,33.0,20,23,51,59,21,24,28
2024-04-27,31.0,19,49,44,41,18,19,27
2024-04-28,29.0,21,54,43,42,21,24,26
2024-04-29,33.0,20,23,63,63,25,29,31
2024-04-30,39.0,22,26,63,64,22,26,36
2024-05-01,49.0,24,58,67,57,21,25,45
2024-05-02,39.0,20,19,67,64,18,23,37
2024-05-03,38.0,20,17,67,69,22,22,35
2024-05-04,33.0,19,19,38,44,20,22,30
2024-05-05,30.0,17,21,42,44,20,20,29
2024-05-06,33.0,18,22,62,55,19,22,32
2024-05-07,31.0,19,23,70,59,21,23,28
2024-05-08,31.0,18,61,60,60,20,21,26
2024-05-09,28.0,16,27,64,58,19,20,26
2024-05-10,30.0,19,60,63,66,18,21,28
2024-05-11,28.0,16,28,36,45,19,18,24
2024-05-12,26.0,16,59,37,39,16,17,23
2024-05-13,30.0,18,27,61,64,21,20,28
2024-05-14,29.0,17,74,62,69,21,19,25
2024-05-15,32.0,19,28,54,68,23,23,29
2024-05-16,33.0,20,58,60,71,20,22,31
2024-05-17,32.0,21,28,57,72,24,22,30
2024-05-18,29.0,19,100,36,45,21,20,25
2024-05-19,27.0,17,17,40,43,20,18,24
2024-05-20,35.0,34,13,51,64,25,33,34
2024-05-21,42.0,70,12,68,76,35,63,41
2024-05-22,35.0,49,10,67,69,26,48,32
2024-05-23,34.0,100,12,68,74,30,100,31
2024-05-24,32.0,58,10,60,61,23,55,28
2024-05-25,26.0,30,11,35,48,18,29,25
2024-05-26,27.0,31,10,36,44,19,29,24
2024-05-27,29.0,41,10,60,64,25,37,26
2024-05-28,30.0,32,10,72,69,23,32,27
2024-05-29,29.0,29,10,66,66,19,28,25
2024-05-30,29.0,26,10,61,65,23,27,25
2024-05-31,26.0,24,9,49,56,21,29,24
2024-06-01,23.0,22,10,31,43,22,21,21
2024-06-02,23.0,22,10,41,49,16,22,21
2024-06-03,28.0,25,10,58,73,22,24,27
2024-06-04,29.0,23,10,57,61,21,25,26
2024-06-05,33.0,27,10,71,71,22,27,32
2024-06-06,31.0,28,10,58,68,19,29,29
2024-06-07,32.0,31,10,68,69,21,30,30
2024-06-08,28.0,21,11,40,45,21,25,26
2024-06-09,24.0,19,10,37,39,14,20,22
2024-06-10,29.0,21,10,52,63,19,23,26
2024-06-11,31.0,26,9,79,67,19,25,29
2024-06-12,30.0,22,9,71,77,21,24,29
2024-06-13,28.0,20,9,67,74,18,25,28
2024-06-14,29.0,18,9,68,70,20,23,27
2024-06-15,25.0,19,10,31,40,20,20,22
2024-06-16,25.0,20,10,34,47,15,20,21
2024-06-17,27.0,19,9,62,54,20,23,25
2024-06-18,30.0,20,9,59,69,27,25,28
2024-06-19,27.0,20,9,62,65,17,23,24
2024-06-20,27.0,20,9,70,70,19,22,24
2024-06-21,28.0,18,9,73,71,22,21,25
2024-06-22,23.0,17,10,36,36,36,18,20
2024-06-23,23.0,17,9,39,44,32,19,21
2024-06-24,35.0,21,9,75,66,25,25,37
2024-06-25,30.0,18,11,61,65,18,23,29
2024-06-26,27.0,18,9,65,64,19,21,26
2024-06-27,26.0,19,9,65,65,23,20,25
2024-06-28,26.0,18,9,59,64,24,20,23
2024-06-29,21.0,15,11,36,39,14,16,21
2024-06-30,22.0,21,11,36,42,17,17,20
2024-07-01,26.0,18,12,57,69,23,20,25
2024-07-02,26.0,18,11,65,64,19,20,24
2024-07-03,27.0,18,11,67,92,17,21,26
2024-07-04,36.0,21,9,59,72,22,24,34
2024-07-05,44.0,25,8,54,67,25,24,45
2024-07-06,30.0,19,9,37,45,17,18,29
2024-07-07,28.0,19,9,49,50,14,19,26
2024-07-08,34.0,21,9,62,72,15,22,32
2024-07-09,31.0,19,10,63,69,17,22,28
2024-07-10,29.0,20,9,64,70,17,22,27
2024-07-11,32.0,20,10,68,77,17,22,27
2024-07-12,31.0,17,9,68,67,16,21,27
2024-07-13,25.0,19,9,43,40,14,18,23
2024-07-14,33.0,19,9,41,46,14,19,27
2024-07-15,36.0,25,9,53,66,19,26,35
2024-07-16,38.0,26,9,56,64,24,25,33
2024-07-17,31.0,26,8,69,72,24,25,31
2024-07-18,31.0,21,9,65,79,17,23,28
2024-07-19,33.0,23,9,66,68,23,25,31
2024-07-20,30.0,34,10,49,44,22,22,26
2024-07-21,32.0,22,10,38,52,36,22,29
2024-07-22,34.0,24,9,72,68,28,26,30
2024-07-23,34.0,38,9,65,73,25,38,29
2024-07-24,32.0,31,8,65,68,19,27,25
2024-07-25,31.0,42,8,70,67,20,29,30
2024-07-26,32.0,24,9,62,64,19,24,29
2024-07-27,39.0,21,8,41,46,19,22,33
2024-07-28,34.0,20,8,45,43,18,20,28
2024-07-29,38.0,27,9,56,70,20,23,33
2024-07-30,31.0,21,9,66,67,20,21,28
2024-07-31,27.0,20,9,59,67,22,23,27
2024-08-01,30.0,24,9,71,72,21,22,29
2024-08-02,30.0,18,9,66,54,19,22,29
2024-08-03,31.0,20,12,45,39,18,20,29
2024-08-04,31.0,28,9,51,43,18,21,33
2024-08-05,98.0,63,11,100,75,35,62,89
2024-08-06,55.0,37,10,66,70,22,33,52
2024-08-07,41.0,37,9,70,79,20,29,38
2024-08-08,38.0,27,9,60,72,21,26,35
2024-08-09,33.0,25,9,61,65,18,24,35
2024-08-10,30.0,20,9,40,60,15,20,27
2024-08-11,29.0,22,8,37,52,12,20,27
2024-08-12,31.0,22,9,63,80,15,23,30
2024-08-13,30.0,22,8,73,77,17,23,28
2024-08-14,31.0,21,8,68,74,17,21,29
2024-08-15,31.0,19,9,64,64,20,21,28
2024-08-16,28.0,19,9,56,60,17,20,27
2024-08-17,25.0,19,9,44,40,14,17,23
2024-08-18,26.0,19,9,44,48,15,19,24
2024-08-19,28.0,19,9,64,67,17,20,25
2024-08-20,30.0,18,9,64,69,22,23,26
2024-08-21,28.0,18,9,73,64,20,19,25
2024-08-22,27.0,19,8,62,68,28,22,25
2024-08-23,32.0,21,9,72,70,35,20,27
2024-08-24,27.0,20,9,47,58,28,21,28
2024-08-25,27.0,18,9,41,52,18,19,24
2024-08-26,27.0,18,9,58,64,21,22,26
2024-08-27,28.0,18,10,62,67,16,21,26
2024-08-28,30.0,20,9,54,69,19,21,28
2024-08-29,27.0,23,8,65,72,17,20,25
2024-08-30,26.0,16,9,56,58,17,21,24
2024-08-31,23.0,15,9,32,39,13,17,22
2024-09-01,24.0,23,9,39,47,16,17,22
2024-09-02,26.0,17,9,51,58,15,21,24
2024-09-03,26.0,19,9,60,71,16,20,24
2024-09-04,21.0,26,33,70,63,23,40,25
2024-09-05,20.0,26,37,69,65,20,38,21
2024-09-06,24.0,28,47,74,62,23,42,26
2024-09-07,21.0,26,50,41,37,20,37,22
2024-09-08,19.0,24,35,46,40,26,34,20
2024-09-09,21.0,26,34,70,57,27,40,24
2024-09-10,19.0,23,32,63,62,20,38,22
2024-09-11,20.0,24,31,64,71,23,36,21
2024-09-12,19.0,32,34,79,71,18,35,21
2024-09-13,20.0,24,32,53,70,25,36,23
2024-09-14,18.0,22,38,48,45,21,31,21
2024-09-15,17.0,21,35,37,47,19,30,20
2024-09-16,19.0,23,32,61,60,25,41,22
2024-09-17,20.0,26,32,65,59,22,41,21
2024-09-18,21.0,33,34,72,74,24,39,24
2024-09-19,24.0,29,35,76,79,33,41,29
2024-09-20,22.0,26,35,65,75,36,38,26
2024-09-21,18.0,22,35,44,50,23,32,20
2024-09-22,17.0,22,39,41,44,26,34,18
2024-09-23,20.0,27,41,58,70,26,42,24
2024-09-24,19.0,26,51,67,72,25,43,22
2024-09-25,18.0,23,40,65,64,29,38,22
2024-09-26,21.0,25,40,67,74,36,41,25
2024-09-27,21.0,24,37,61,70,38,37,25
2024-09-28,19.0,29,40,44,43,31,32,21
2024-09-29,18.0,20,44,38,41,28,33,19
2024-09-30,19.0,28,44,53,62,26,38,23
2024-10-01,22.0,22,42,65,65,28,38,24
2024-10-02,20.0,20,44,56,61,22,36,23
2024-10-03,19.0,21,37,60,57,22,34,22
2024-10-04,18.0,20,48,59,54,19,34,21
2024-10-05,17.0,17,42,41,48,18,28,18
2024-10-06,16.0,17,45,35,42,21,28,18
2024-10-07,19.0,20,42,60,54,25,35,21
2024-10-08,20.0,19,43,62,75,22,33,20
2024-10-09,21.0,19,49,59,80,20,34,21
2024-10-10,19.0,18,82,54,56,24,33,21
2024-10-11,19.0,19,45,63,62,22,34,20
2024-10-12,16.0,21,54,40,54,33,29,16
2024-10-13,15.0,16,84,38,47,32,27,16
2024-10-14,19.0,23,55,53,64,35,38,23
2024-10-15,20.0,21,84,61,65,33,35,23
2024-10-16,20.0,23,57,69,75,43,36,25
2024-10-17,18.0,21,100,62,63,30,34,22
2024-10-18,20.0,23,59,64,68,29,36,24
2024-10-19,18.0,19,86,33,37,27,28,20
2024-10-20,18.0,22,58,47,48,26,31,20
2024-10-21,20.0,23,66,61,64,24,35,24
2024-10-22,19.0,21,53,64,61,29,34,20
2024-10-23,18.0,21,71,62,66,30,33,21
2024-10-24,19.0,21,50,71,66,24,34,21
2024-10-25,18.0,22,75,66,68,21,36,21
2024-10-26,16.0,18,44,34,41,19,29,18
2024-10-27,16.0,18,53,43,39,15,29,17
2024-10-28,22.0,22,83,60,69,22,42,25
2024-10-29,35.0,30,77,56,71,33,45,48
2024-10-30,27.0,31,53,64,64,31,44,33
2024-10-31,24.0,26,76,56,61,26,39,29
2024-11-01,23.0,23,47,48,50,26,36,26
2024-11-02,19.0,20,55,41,37,18,30,20
2024-11-03,19.0,19,66,42,42,26,29,21
2024-11-04,20.0,21,43,71,66,21,34,24
2024-11-05,22.0,26,47,58,67,25,35,26
2024-11-06,82.0,66,66,63,82,44,74,91
2024-11-07,47.0,58,45,74,75,37,65,49
2024-11-08,38.0,55,68,71,75,42,59,42
2024-11-09,31.0,48,50,47,56,41,61,34
2024-11-10,54.0,75,79,47,62,67,77,60
2024-11-11,81.0,93,52,77,83,79,99,90
2024-11-12,90.0,94,84,100,100,82,98,100
2024-11-13,84.0,85,54,90,93,69,91,91
2024-11-14,67.0,65,84,84,81,57,71,73
2024-11-15,51.0,54,55,75,73,49,58,56
2024-11-16,44.0,52,92,48,58,61,51,48
2024-11-17,40.0,42,52,59,64,62,51,42
2024-11-18,45.0,55,55,67,86,64,58,49
2024-11-19,45.0,53,72,71,84,56,56,49
2024-11-20,50.0,57,51,76,88,45,65,55
2024-11-21,75.0,81,56,80,75,62,94,90
2024-11-22,80.0,73,74,76,81,96,76,87
2024-11-23,56.0,73,62,60,59,100,65,61
2024-11-24,48.0,57,69,47,58,78,53,49
2024-11-25,54.0,68,53,82,83,93,70,55
2024-11-26,51.0,55,72,78,86,65,67,53
2024-11-27,46.0,65,52,71,76,69,73,48
2024-11-28,39.0,64,80,63,66,49,67,40
2024-11-29,40.0,56,57,59,74,55,61,41
2024-11-30,33.0,57,87,51,55,61,62,34
2024-12-01,33.0,60,92,53,59,56,63,33
2024-12-02,39.0,64,52,76,85,97,72,40
2024-12-03,38.0,62,60,77,91,93,68,40
2024-12-04,40.0,69,77,79,92,92,81,41
2024-12-05,100.0,100,57,85,93,89,100,100
2024-12-06,59.0,88,70,82,84,71,94,62
